birth,death,gender,hair,height,name,race,realm,spouse
Unknown,Unknown,Female,Unknown,Unknown,Adanel,Men,Unknown,Belemir
TA 2978,"February 26 ,3019",Male,Dark Light brown,Unknown,Boromir,Men,Unknown,Unknown
Unknown,"March ,3019",Male,Unknown,Unknown,Lagduf,Orcs,Unknown,Unknown
TA 280,TA 515,Male,Unknown,Unknown,Tarcil,Men,Arnor,Unnamed wife
Unknown,Unknown,Male,Unknown,Unknown,Fire-drake of Gondolin,Dragon,Unknown,Unknown
SA 2709,SA 2962,Male,Unknown,Unknown,Ar-Adûnakhôr,Men,Númenor,Unnamed wife
Unknown,Unknown,Male,Unknown,Unknown,Annael,Elves,Unknown,Unknown
YT,FA 455,Male,Golden,Unknown,Angrod,Elves,Unknown,Eldalótë
Unknown,Unknown,Unknown,Unknown,Unknown,Angrim,Unknown,Unknown,Unknown
SA 3219,SA 3440,Male,Unknown,Unknown,Anárion,Men,Gondor,Unnamed wife
SA 3118,Still alive,Male,Unknown,Tall,Ar-Pharazôn,Men,Númenor,Tar-Míriel
SA 2876,SA 3102,Male,Unknown,Unknown,Ar-Sakalthôr,Men,Númenor,Unnamed wife
SA 2960,SA 3177,Male,Unknown,Unknown,Ar-Gimilzôr,Men,Númenor,Inzilbêth
TA 2866,TA 2977,Male,Unknown,Unknown,Angelimir,Men,Unknown,Unnamed wife
Unknown,Unknown,Unknown,Unknown,Unknown,Angelimar,Unknown,Unknown,Unknown
"Late ,Third Age",Unknown,Male,Unknown,Unknown,Angbor,Men,Unknown,Unknown
"Perhaps ,Firstborn",Unknown,Unknown,Unknown,Unknown,Nurwë,Elves,Unknown,Unknown
Unknown,Unknown,Unknown,Unknown,Unknown,Linda (Baggins) Proudfoot,Unknown,Unknown,Unknown
Unknown,Unknown,Unknown,Unknown,Unknown,Bodo Proudfoot,Unknown,Unknown,Unknown
Unknown,FA 510,Male,Unknown,Tall,Penlod,Elves,Unknown,Unknown
"Early ,First Age",Unknown,Male,Unknown,Tallest of the Elves of Gondolin,Pengolodh,Elves,Unknown,Unknown
TA 654,TA 913,Male,Unknown,Unknown,Tarannon Falastur,Men,Gondor,Berúthiel
SA 2277,SA 2637,Female,Unknown,Unknown,Tar-Vanimeldë,Men,Númenor,Herucalmo
SA 1320,SA 1731,Female,Unknown,Unknown,Tar-Telperiën,Men,Númenor,None
SA 2136,SA 2526,Male,Unknown,Unknown,Tar-Telemmaitë,Men,Númenor,Unnamed wife
SA 1174,SA 1574,Male,Unknown,Unknown,Tar-Súrion,Men,Númenor,Unnamed wife
SA 3035,SA 3255,Male,Unknown,Unknown,Tar-Palantir,Men,Númenor,Unnamed wife
SA 3117,SA 3319,Female,Unknown,Unknown,Tar-Míriel,Men,Númenor,Ar-Pharazôn
SA 1474,SA 1873,Male,Unknown,Unknown,Tar-Minastir,Men,Númenor,Unnamed wife
SA 350,SA 751,Male,Unknown,Unknown,Tar-Elendil,Men,Númenor,Unnamed wife
SA 2516,SA 2825,Male,Unknown,Unknown,Tar-Calmacil,Men,Númenor,Unnamed wife
SA 1800,SA 2221,Male,Unknown,Unknown,Tar-Atanamir,Men,Númenor,Unnamed wife
SA 543,SA 942,Male,Unknown,Unknown,Tar-Meneldur,Men,Númenor,Almarian
SA 2618,SA 2899,Male,Unknown,Unknown,Tar-Ardamin,Men,Númenor,Unnamed wife
SA 1634,SA 2035,Male,Unknown,Unknown,Tar-Ciryatan,Men,Númenor,Unnamed wife
SA 1003,SA 1404,Male,Unknown,Unknown,Tar-Anárion,Men,Númenor,Unnamed wife
SA 873,SA 1285,Female,Unknown,Unknown,Tar-Ancalimë,Men,Númenor,Hallacar
SA 1986,SA 2386,Male,Unknown,Unknown,Tar-Ancalimon,Men,Númenor,Unnamed wife
SA 192,SA 603,Male,Unknown,Unknown,Tar-Amandil,Men,Númenor,Unnamed wife
SA 2406,SA 2737,Male,Unknown,Unknown,Tar-Alcarin,Men,Númenor,Unnamed wife
Unknown,Unknown,Unknown,Unknown,Unknown,Tanta (Hornblower) Baggins,Unknown,Unknown,Unknown
TA 2922,Unknown,Female,Dark,Tall,Morwen Steelsheen,Men,Rohan,Thengel
Unknown,Unknown,Unknown,Unknown,Unknown,Squint-eyed Southerner,Unknown,Unknown,Unknown
SA 799,"Early ,Second Age",Male,Unknown,Unknown,Soronto,Men,Unknown,None
SA 700,SA 1098,Male,Unknown,Unknown,Tar-Aldarion,Men,Númenor,Erendis
"YT, and perhaps Firstborn",YT 1495,Male,Black,Unknown,Finwë,Elves,"Tirion,Formenos","Míriel Serindë then ,Indis"
YT 1300,FA 465,Male,Golden,Unknown,Finrod,Elves,Unknown,"Loved ,Amarië but they never married"
"YT during the ,Noontide of Valinor",FA 472,Male,Dark,Unknown,Fingon,Elves,Hithlum,Unknown
YT 1190,FA 455,Male,Dark,Unknown,Fingolfin,Elves,"Hithlum,Beleriand",Anairë
TA 2950,TA 2988,Female,Dark,Unknown,Finduilas of Dol Amroth,Men,Unknown,Denethor II
First Age,FA 495,Female,Golden,Unknown,Finduilas,Elves,Unknown,"None; betrothed to ,Gwindor, but never married."
Years of the Trees,Unknown,Female,Unknown,Unknown,Findis,Elves,Unknown,Unknown
Fourth Age,"sometime after ,FO 172",Male,Unknown,Unknown,Findegil,Men,Unknown,Unknown
YT 1230,Still Alive,Male,Golden,Unknown,Finarfin,Elves,Tirion,Eärwen
Unknown,Unknown,Unknown,Unknown,Unknown,Fimbrethil,Unknown,Unknown,Unknown
TA 2701,TA 2801,Male,Unknown,Unknown,Ferumbras Took II,Hobbits,Unknown,Unnamed wife
"Late ,Third Age","Early ,Fourth Age",Male,Brown,Unknown,Bill Ferny,Men,Unknown,Unknown
TA 2870,TA 2953,Male,Unknown,Unknown,Fengel,Men,Rohan,Unknown
Unknown,Unknown,Unknown,Unknown,Unknown,Fastred of Greenholm,Unknown,Unknown,Unknown
"Late ,Third Age","March 15 ,3019",Male,Unknown,Unknown,Fastred (Pelennor Fields),Men,Unknown,Unknown
TA 2858,TA 2885,Male,Unknown,Unknown,Fastred,Men,Unknown,Unknown
SR 1210,Unknown,Male,Unknown,Unknown,Fastolph Bolger,Hobbits,Shire,Pansy Baggins
TA 2560,TA 2803,Male,Unknown,Unknown,Farin,Dwarves,Unknown,Unnamed wife
"Mid ,Third Age",TA 1944,Male,Unknown,Unknown,Faramir (son of Ondoher),Men,Unknown,Unknown
TA 2983,"February 26 ,82",Male,Raven,Unknown,Faramir,Men,Minas Ithil,owyn
Unknown,Unknown,Unknown,Unknown,Unknown,Falathar,Unknown,Unknown,Unknown
Unknown,Unknown,Unknown,Unknown,Unknown,Elfstan Fairbairn,Unknown,Unknown,Unknown
Unknown,February 293019,Male,Unknown,Unknown,Snaga (Two Towers orc),Orcs,Unknown,Unknown
Unknown,TA 3019,Male,Unknown,Unknown,Snaga,Orcs,Unknown,Unknown
"Unknown, first appeared in ,TA 2770","November 1 ,TA 2941",Male,Unknown,Unknown,Smaug,Dragons,Lonely Mountain,Unknown
Unknown,Unknown,Unknown,Unknown,Unknown,Seers,Unknown,Unknown,Unknown
"Late ,Third Age",Unknown,Male,Unknown,Unknown,Robin Smallburrow,Hobbits,Unknown,Unknown
TA 570,TA 830,Male,Unknown,Unknown,Siriondil,Men,Gondor,Unnamed wife
SA 521,Unknown,Female,Unknown,Unknown,Silmariën,Men,Unknown,Elatan
"Unknown, possibly during the ,First Age","Unknown, possibly TA 3019",Female,Unknown,Large and immense,Shelob,Great Spiders,Torech Ungol,Unknown
TA 2050,Unknown,Male,Unknown,7'1,Shagrat,Black Uruk,Cirith Ungol,Unknown
Unknown,TA 2000,Male,None,Unknown,Scatha,Dragons,Unknown,Unknown
"Before the creation of ,Arda","March 25 ,3019",Male,Various,Various until ,Sauron,Maiar,Unknown,None
"Before the creation of ,Arda","3 November ,3019",Male,White,Unknown,Saruman,Maiar,"Isengard,Nan Curunír",None
Unknown,Unknown,Unknown,Unknown,Unknown,Saradoc Brandybuck,Unknown,Unknown,Unknown
Before the creation of Arda,Immortal,Male,Unknown,Unknown,Salmar,Ainur,Unknown,Unknown
SR 1308,SR 1407,Male,Unknown,Unknown,Saradas Brandybuck,Hobbits,Unknown,Unknown
"Mid-,Third Age",Unknown,Male,Unknown,Unknown,Sangahyando,Men,Unknown,Unknown
TA 2920,FO 50,Male,Unknown,Unknown,Ted Sandyman,Hobbits,Unknown,Unknown
Unknown,Unknown,Unknown,Unknown,Unknown,Sandyman,Unknown,Unknown,Unknown
Unknown,Fate officially unknown,Male,Unknown,Short,Salgant,Elves,Unknown,Unknown
Unknown,Unknown,Male,Unknown,Unknown,Sagroth,Men,Unknown,Unknown
YT,FA 484,Male,Unknown,Unknown,Saeros,Elves,Unknown,Unknown
Fourth Age,Unknown,Male,Unknown,Unknown,Saelon,Men,Unknown,Unknown
"about ,FA 430",FA 495,Male,Unknown,Unknown,Sador,Men,Unknown,None known
SR 1179,Unknown,Male,Unknown,Unknown,Sadoc Brandybuck,Hobbits,Unknown,Unnamed wife
TA 2964,TA 3019,Male,Sandy,"1.22m (4'0"") ",Lotho Sackville-Baggins,Hobbits,Unknown,None
TA 2918,TA 3020,Female,Unknown,"1.17m (3'10"")",Lobelia Sackville-Baggins,Hobbit,Unknown,Otho Sackville-Baggins
Unknown,Unknown,Unknown,Unknown,Unknown,Camellia (Sackville) Baggins,Unknown,Unknown,Unknown
TA 1126,TA 1366,Male,Unknown,Unknown,Rómendacil II,Men,Gondor,Unnamed wife
YT,Unknown,Male,Unknown,Unknown,Rúmil (Noldo),Elves,Unknown,Unknown
TA 310,TA 541,Male,Unknown,Unknown,Rómendacil I,Men,Gondor,Unnamed wife
c. T.A. 2328,Unknown,Female,Unknown,Unknown,Rían (Gondor),Men,Unknown,Unnamed husband
FA 450,FA 473,Female,Unknown,Unknown,Rían,Men,Unknown,Huor
Unknown,Unknown,Male,Unknown,Unknown,Rufus Burrows,Hobbit,Unknown,Asphodel Brandybuck
Unknown,Unknown,Unknown,Unknown,Unknown,Ruffian Leader,Unknown,Unknown,Unknown
Unknown,Unknown,Male,Unknown,Unknown,Rúmil of Lórien,Elves,Unknown,Unknown
Unknown,Unknown,Unknown,Unknown,Unknown,Rudolph Bolger,Unknown,Unknown,Unknown
SR 1255,SR 1348,Male,Unknown,Unknown,Rudigar Bolger,Hobbits,Bree,Belba Baggins
Unknown,Unknown,Unknown,Unknown,Unknown,Ruby Gamgee,Unknown,Unknown,Unknown
TA 2788,Unknown,Male,Unknown,Unknown,Roäc,Raven,Unknown,Unknown
TA 2849,"Late ,Third Age",Male,Unknown,Unknown,Rowan Greenhand,Hobbits,Shire,Belba Baggins
Unknown,Unknown,Unknown,Unknown,Unknown,Andwise Roper,Unknown,Unknown,Unknown
Unknown,FA 510,Male,Unknown,Unknown,Rog,Elves,Unknown,Unknown
Unknown,Unknown,Unknown,Unknown,Unknown,River-woman,Unknown,Unknown,Unknown
"Mid ,First Age",FA 460,Male,Unknown,Unknown,Ragnor,Men,Unknown,Unknown
"Late ,First Age",Late First Age,Male,Unknown,Unknown,Ragnir,Men,Unknown,Unknown
"Late ,First Age",FA 460,Male,Unknown,Unknown,Radhruin,Men,Unknown,Unknown
Unknown,Unknown,Unknown,Unknown,Unknown,Radbug,Unknown,Unknown,Unknown
"Before the creation of ,Arda",None,Male,Brown-gray,Unknown,Radagast,Maiar,Unknown,None
Unknown,Unknown,Unknown,Unknown,Unknown,Olo Proudfoot,Unknown,Unknown,Unknown
Unknown,Unknown,Unknown,Unknown,Unknown,Sancho Proudfoot,Unknown,Unknown,Unknown
TA 2904,TA 3005,Male,Brown Gray,Unknown,Odo Proudfoot,Hobbits,Unknown,Mrs. Proudfoot
"Late ,Third Age",Unknown,Female,Unknown,Unknown,Mrs. Proudfoot,Hobbits,Unknown,Odo Proudfoot
Unknown,FA 486,Male,Unknown,Unknown,Khîm,Dwarves,Unknown,Unknown
Second Age,Unknown,Male,White,Unknown,Khamûl,"Men,Wraith","Rhûn,Dol Guldur,Sauron",Unknown
TA 2947,Unknown,Female,Unknown,Unknown,Ivriniel,Men,Unknown,Unknown
TA 2857,TA 2929,Female,Brown,Unknown,Ivorwen,Men,Unknown,Dírhael
SA 532,Unknown,Female,Unknown,Unknown,Isilmë,Men,Unknown,Unknown
"After ,SA 1320","Before ,SA 1731",Male,Unknown,Unknown,Isilmo,Men,Unknown,Unnamed wife
SA 3209,TA 2,Male,Black,Very tall almost 7'1,Isildur,Men,"Arnor,Gondor",Unnamed wife
TA 2832,TA 2930,Male,Unknown,Unknown,Isengrim Took III,Hobbits,Unknown,Not married
TA 2842,TA 2946,Male,Unknown,Unknown,Isembold Took,Hobbits,Unknown,Unnamed wife 
"Before the creation of ,Arda",Immortal,Male,Unknown,Unknown,Irmo,Ainur,Unknown,Estë
"b. ,TA 2990","Early-,Fourth Age",Male,Unknown,Unknown,Iorlas,Men,Unknown,Unknown
"Late ,Third Age",Unknown,Female,Unknown,Unknown,Ioreth,Men,Unknown,Unknown
"Late ,Second Age",Unknown,Female,Unknown,Unknown,Inzilbêth,Men,Unknown,Ar-Gimilzôr
Unknown,Unknown,Unknown,Unknown,Unknown,Inigo Baggins,Unknown,Unknown,Unknown
YT,"Unknown, probably still alive",Male,Probably Golden,Unknown,Ingwion,Elf,Unknown,Unknown
"YT, and perhaps firstborn",Still Alive,Male,Probably Golden,Tall,Ingwë,Elves,"Valinor,Taniquetil",Unnamed wife
"Late ,Third Age","Early ,Fourth Age",Male,Unknown,Unknown,Ingold,Men,Unknown,Unknown
"Mid ,First Age",FA 495,Male,Unknown,Unknown,Indor,Men,Unknown,Unnamed wife
Unknown,Still Alive,Female,Golden,Tall,Indis,Elves,Tirion,Finwë
TA 1950,TA 2076,Male,Unknown,Unknown,Imrazôr,Men,Unknown,Mithrellas
TA 2955,FO 34,Male,Black,Tall,Imrahil,Men,Unknown,Unnamed wife
around FA 325,First Age,Male,Unknown,Unknown,Imlach,Men,Unknown,Unnamed wife
"Unknown, Awakened in the ,Years of the Trees",Unknown,Female,Unknown,Unknown,Iminyë,Elves,Unknown,Imin
"Unknown, Awakened in the ,Years of the Trees",Unknown,Male,Unknown,Unknown,Imin,Elves,Unknown,Iminyë
Unknown,Unknown,Male,"Varies, White",Varies,Eru Ilúvatar,God,Timeless Halls,None
"Before the creation of ,Arda",Unknown,Female,Unknown,Unknown,Ilmarë,Ainur,Unknown,Unknown
YT 1469,Still Alive,Female,Golden,Tall,Idril,Elves,Unknown,Tuor
Unknown,FA 489,Male,Unknown,Unknown,Ibûn,Dwarves,Unknown,"Unknown, possibly none"
"Mid-,Third Age","Mid-,Third Age",Male,Unknown,Unknown,Húrin of Emyn Arnen,Men,Unknown,Unknown
TA 2515,TA 2628,Male,Unknown,Unknown,Húrin II,Men,Unknown,Unnamed wife
TA 2124,TA 2244,Male,Unknown,Unknown,Húrin I,Men,Unknown,Unnamed wife
FA 441,FA 502,Male,"Golden, grey",Unknown,Húrin,Men,Unknown,Morwen Eledhwen
"Late ,Third Age","Winter of ,TA 2759",Male,Unknown,Unknown,Háma (Helm's son),Men,Unknown,Unknown
TA 2975,"March 3, or ,4 ,3019",Male,Reddish brown,Unknown,Háma,Men,Unknown,"Unknown, possibly none"
TA 1391,TA 1621,Male,Unknown,Unknown,Hyarmendacil II,Men,Gondor,Unnamed wife
TA 899,TA 1149,Male,Unknown,Unknown,Hyarmendacil I,Men,Gondor,Unnamed wife
Unknown,Unknown,Unknown,Unknown,Unknown,Hurin (Warden of the Keys),Unknown,Unknown,Unknown
FA 442,FA 473,Male,Golden,Tallest of all mortal men save his son Tuor only,Huor,Men,Unknown,Rían
"Late ,FA",FA 499,Male,Unknown,Unknown,Hunthor,Men,Unknown,Unnamed wife
"Late ,First Age",FA 473,Male,Unknown,Unknown,Hundar,Men,Unknown,Unnamed wife
"Mid ,FA",Mid FA,Male,Unknown,Unknown,Hundad,Men,Unknown,Unnamed wife
First Age,FA 466,Male,Unknown,Horse-sized,Huan,Wolfhound,Unknown,Unknown
Unknown,Unknown,Unknown,Unknown,Unknown,Tobold Hornblower,Unknown,Unknown,Unknown
"Late ,Third Age","Late ,TA 3018",Male,Unknown,Unknown,Tobias Hornblower,Hobbits,Shire,Unknown
Unknown,Unknown,Unknown,Unknown,Unknown,Tanta Hornblower,Unknown,Unknown,Unknown
"Possibly late ,Third Age","March 15 ,TA 3019",Male,Blond,Unknown,Horn,Men,Unknown,Unknown
"Before the creation of ,Arda",Immortal,Male,Unknown,Unknown,Eönwë,Ainur,Unknown,Unknown
YT,FA 400,Male,Dark,Tall,Eöl,Elves,Nan Elmoth,Aredhel
Years of the Trees,Still alive,Female,Star-like,Unknown,Eärwen,Elves,Unknown,Finarfin
TA 1928,TA 2050,Male,Unknown,Unknown,Eärnur,Men,Gondor,None
TA 1883,TA 2043,Male,Unknown,Unknown,Eärnil II,Men,Gondor,Unnamed wife
TA 736,TA 936,Male,Unknown,Unknown,Eärnil I,Men,Gondor,Unnamed wife
SA 361,"Early ,Second Age",Male,Unknown,Unknown,Eärendur of Númenor,Men,Unknown,Unnamed wife
TA 640,TA 861,Male,Unknown,Unknown,Eärendur of Arnor,Unknown,Unknown,Unnamed wife
"Late ,Second Age",Late Second Age,Male,Unknown,Unknown,Eärendur (Lord of Andúnië),Men,Unknown,Unknown
TA 48,TA 324,Male,Unknown,Unknown,Eärendil of Gondor,Men,Gondor,Unnamed wife
FA 503,Still Alive,Male,Golden,Unknown,Eärendil,Half-elven,Unknown,Elwing
"Before the creation of ,Arda",Immortal,Female,Unknown,Unknown,Estë,Ainur,Unknown,Irmo
"Late ,Second Age","Early ,Third Age",Male,Unknown,Unknown,Estelmo,Men,Unknown,Unknown
"Late ,Third Age","early ,Fourth Age",Male,Unknown,Tall,Erkenbrand,Men,Unknown,Unknown
Unknown,Unknown,Male,Unknown,Unknown,Erestor,Elves,Unknown,Unknown
SA 771,SA 985,Female,Dark,Unknown,Erendis,Men,Númenor,Tar-Aldarion
unknown,unknown,Male,Unknown,Unknown,Erellont,Elves,Unknown,unknown
TA 2990,"Early ,Fourth Age",Male,Unknown,Unknown,Erchirion,Men,Unknown,Unknown
TA 1999,TA 2116,Male,Unknown,Unknown,Eradan,Men,Unknown,Unnamed wife
TA 2995,FO,Female,Pale gold,Tall,owyn,Men,Unknown,Faramir
TA 2485,TA 2545,Male,Blond,Unknown,Eorl the Young,Men,Rohan,Unnamed wife
TA 2990,FO 63,Male,Dirty blond,Tall-6'6,omer,Men,Rohan,Lothíriel after the War of the Ring
"Unknown, possibly in the ,First Age",Unknown,Male,Unknown,Unknown,Enerdhil,Elves,Unknown,Unknown
"Unknown, Awakened in the ,Years of the Trees",Unknown,Female,Unknown,Unknown,Enelyë,Elves,Unknown,Enel
"Unknown, Awakened in the Years of the Trees",Unknown,Male,Unknown,Unknown,Enel,Elves,Unknown,Enelyë
FA 406,Unknown,Female,Unknown,Unknown,Emeldir,Men,Unknown,Barahir
FA 503,Still Alive,Female,Dark,Unknown,Elwing,Half-elven,Unknown,Eärendil
FA 500,FA 506,Male,Possibly dark,Unknown,Eluréd and Elurín,Elves,Unknown,Unknown
FA 532,SA 442,Male,Unknown,Unknown,Elros,Half-elven,Númenor,Unnamed wife
FA 532,"Still alive; departed to ,Aman, on ,September 29 ,3021",Male,Dark,Tall,Elrond,Half-elven,Rivendell,Celebrían
TA 2987,FO 57,Male,Unknown,Unknown,Elphir,Men,Unknown,Unnamed wife
Unknown,Unknown,Unknown,Unknown,Unknown,Elmo,Unknown,Unknown,Unknown
TA 130,Unknown,Male,Dark,Tall,Elladan and Elrohir,Elves,Unknown,Unknown
FO 8,FO 103,Male,Unknown,Unknown,Elfwine,Men,Rohan,Unknown
TA 2950,TA 2978,Female,Unknown,Unknown,Elfhild,Men,Rohan,Théoden
TA 2985,"Early ,Fourth Age",Male,Dark,Unknown,Elfhelm,Men,Unknown,Unknown
YT,YT 1500,Female,Golden,Tall,Elenwë,Elves,Unknown,Turgon
TA 552,TA 777,Male,Unknown,Unknown,Elendur of Arnor,Men,Arnor,Unnamed wife
SA 3299,TA 2,Male,Unknown,Unknown,Elendur,Men,Unknown,Unnamed wife
SA 3119,SA 3441,Male,Brown,"7' 10""",Elendil,Men,"Arnor,Gondor",Unnamed wife
Unknown,Presumably still alive,Unknown,Unknown,Unknown,Elemmírë (elf),Elves,Unknown,Unknown
Unknown,"FA 510,(presumably)",Male,Unknown,Unknown,Elemmakil,Elves,Unknown,Unknown
FO 43,"Before ,FO 220",Male,Dark,Unknown,Eldarion,Men,"Reunited Kingdom,Arnor,Gondor",Unknown
YT,Unknown,Female,Unknown,Unknown,Eldalótë,Elves,Unknown,Angrod
TA 1255,TA 1490,Male,Unknown,Unknown,Eldacar (King of Gondor),Men,Gondor,Unnamed wife
TA 87,TA 339,Male,Unknown,Unknown,Eldacar (King of Arnor),Men,Arnor,Unnamed wife
Unknown,Unknown,Male,Unknown,Unknown,Elboron,Men,Unknown,Unknown
"Early ,Second Age",Early Second Age,Male,Unknown,Unknown,Elatan,Men,Unknown,Silmariën
"Mid ,First Age","Between ,FA 455, - ,FA 460",Female,Unknown,Unknown,Eilinel,Men,Unknown,Gorlim
"Late ,Third Age",Late Third Age,Female,Unknown,Unknown,Eglantine (Banks) Took,Hobbits,Unknown,Paladin Took II
Unknown,FA 538,Male,Unknown,Unknown,Egalmoth (elf),Elves,Unknown,"Unknown, possibly none"
TA 2626,TA 2743,Male,Unknown,Unknown,Egalmoth,Men,Unknown,Unnamed wife
Unknown,FA 465,Male,Unknown,Unknown,Edrahil,Elf,Unknown,Unknown
Unknown,FA 510,Male,Dark,Unknown,Ecthelion of the Fountain,Elves,Unknown,Unknown
TA 2886,TA 2984,Male,Unknown,Unknown,Ecthelion II,Men,Unknown,Unnamed wife
TA 2600,TA 2698,Male,Unknown,Unknown,Ecthelion I,Men,Unknown,Possibly none
Unknown,Unknown,Unknown,Unknown,Unknown,Ebor,Unknown,Unknown,Unknown
"Late ,Third Age","March 15 ,3019",Male,Unknown,Unknown,Dúnhere,Men,Unknown,Unknown
TA 2760,"After ,TA 2941",Female,Unknown,Unknown,Dís,Dwarves,Unknown,Unknown
"Late ,First Age",Late First Age,Male,Unknown,Unknown,Dírhavel,Men,Unknown,Unknown
TA 2838,"After ,TA 2929",Male,Brown,Unknown,Dírhael,Men,Unknown,Ivorwen
"Late ,Third Age","March 15 ,3019",Male,Unknown,Unknown,Déorwine,Men,Unknown,Unknown
TA 2644,TA 2718,Male,Unknown,Unknown,Déor,"Men,Rohirrim",Rohan,Unknown
"Between TA 2400 and ,TA 2430",TA 2463,Male,Dark-brown,Unknown,Déagol,Hobbits,Unknown,None
TA 3011,Unknown,Male,Unknown,Unknown,Borlas,Men,Unknown,Unnamed wife
"Late ,First Age",FA 473,Male,Unknown,Unknown,Borlad,Men,Unknown,Unnamed wife
TA 1879,TA 1998,Male,Unknown,Unknown,Pelendur,Men,Unknown,Unknown
Before the creation of Arda,Unknown,Male,Unknown,Unknown,Pallando,Ainur,Unknown,Unknown
TA 2910,TA 3012,Male,Unknown,"1.22m (4'0"")",Otho Sackville-Baggins,Hobbits,Unknown,Lobelia Sackville-Baggins
TA 222,TA 492,Male,Unknown,Unknown,Ostoher,Men,Gondor,Unnamed wife
"Before the creation ,Arda",Immortal,Male,Unknown,Unknown,Ossë,Ainur,Unknown,Uinen
Unknown,Unknown,Male,Unknown,Unknown,Orophin,Elves,Unknown,Unknown
First Age,SA 3434,Male,Unknown,Unknown,Oropher,Elves,Woodland Realm,Unnamed wife
"Before the creation of ,Arda",Immortal,Male,Unknown,Varies,Oromë,Ainur,Unknown,Vána
SA 382,Unknown,Male,Unknown,Unknown,Oromendil,Men,Unknown,Unknown
TA 2576,TA 2685,Male,Unknown,Unknown,Orodreth (Steward),Men,Unknown,Unnamed wife
YT,"FA 495 ,Battle of Tumhalad",Male,Golden,Unknown,Orodreth,Elves,Nargothrond,Unnamed wife
Unknown,Unknown,Unknown,Unknown,Unknown,Orleg,Unknown,Unknown,Unknown
TA 2865,TA 2994,Male,Unknown,Unknown,Ori,Dwarves,Unknown,Unknown
Unknown,FA 510,Male,Unknown,Unknown,Orcobal,Orcs,Unknown,Unknown
"Sometime before ,SA 799",Unknown,Male,Unknown,Unknown,Orchaldor,Men,Unknown,Ailinel
TA 1787,TA 1944,Male,Unknown,Unknown,Ondoher,Men,Gondor,Unnamed wife
Possibly Firstborn,Still Alive,Male,Silver,Unknown,Olwë,Elves,"Tol Eressëa,Alqualondë",Unnamed Wife
TA 2923,"Early ,Fourth Age",Male,Unknown,Unknown,Old Noakes,Hobbits,Unknown,Unnamed wife
Unknown,Unknown,Unknown,Unknown,Unknown,Old Man Willow,Unknown,Unknown,Unknown
"Late ,Second Age",Unknown,Male,Unknown,Unknown,Ohtar,Men,Unknown,Unknown
"Early ,Second Age",Unknown,Female,Unknown,Unknown,Núneth,Men,Unknown,Beregar
Late Second Age,SA 3065,Male,Unknown,Unknown,Númendil,Men,Unknown,Unnamed wife
"Late ,Third Age",Late Third Age,Male,Unknown,Unknown,Nár,Dwarves,Unknown,Unknown
"Late ,Third Age",TA 2994,Male,Unknown,Unknown,Náli,Dwarves,Unknown,Unknown
TA 2338,TA 2585,Male,Unknown,Unknown,Náin II,Dwarves,Grey Mountains,Unnamed wife
TA 1832,TA 1981,Male,Unknown,Unknown,Náin I,Dwarves,Khazad-dûm,Unnamed wife
TA 2665,TA 2799,Male,Unknown,Unknown,Náin (father of Dáin II Ironfoot),Dwarves,Unknown,Unnamed wife
"Late ,Third Age",Unknown,Male,Unknown,Unknown,Hob Hayward,Hobbits,Shire,Unknown
TA 2846,Unknown,Male,Unknown,Unknown,Hob Gammidge,Hobbit,Unknown,Rowan
"Late ,Third Age","March 15 ,3019",Male,Unknown,Tall,Hirluin,Men,Unknown,Unknown
Unknown,Unknown,Unknown,Unknown,Unknown,Hild,Unknown,Unknown,Unknown
"Late ,Third Age",TA 3019,Male,Unknown,Tall,Hirgon,Men,Unknown,Unknown
FO 41,Unknown,Male,Unknown,Unknown,Herumor (Fourth Age),Men,Unknown,Unknown
Second Age,Unknown,Male,Unknown,Unknown,Herumor,Men,Unknown,Unknown
SA 2286,SA 2657,Male,Unknown,Unknown,Herucalmo,Men,Unknown,Tar-Vanimeldë
"Late-,Third Age","March 15 ,3019",Male,Unknown,Unknown,Herubrand,Men,Unknown,Unnamed wife
TA 2037,TA 2148,Male,Unknown,Unknown,Herion,Men,Unknown,Unnamed wife
Unknown,Unknown,Male,Unknown,Unknown,Hendor,Elves,Unknown,Unknown
"Late-,Third Age","March 15 ,3019",Male,Gray,Unknown,Herefara,Men,Unknown,Unnamed wife
"Early ,Second Age",unknown,Male,Unknown,Unknown,Henderch,Men,Unknown,Unknown
TA 2691,TA 2759,Male,Unknown,Unknown,Helm Hammerhand,Men,Rohan,Unnamed wife
Unknown,Unknown,Unknown,Unknown,Unknown,Mat Heathertoes,Unknown,Unknown,Unknown
"Sometime before ,SA 799",Unknown,Male,Unknown,Unknown,Hatholdir,Men,Unknown,Unnamed wife
F.A. 365,Unknown,Male,Unknown,Unknown,Hathol,Men,Unknown,Unknown
"Mid ,First Age",FA 460,Male,Unknown,Unknown,Hathaldir,Men,Unknown,Unknown
FA 419,Unknown,Female,Unknown,Unknown,Hareth,Men,Unknown,Galdor
"Late ,Third Age","March 15 ,3019",Male,Unknown,Unknown,Harding,Men,Unknown,Unknown
FA 470,FA 501,Male,Unknown,Unknown,Hardang,Men,Unknown,None
FA 441,FA 495,Unknown,Unknown,Unknown,Handir,Men,Brethil,Beldis
TA 2760,Unknown,Male,Unknown,Unknown,Hamfast of Gamwich,Hobbit,Unknown,Unnamed wife
"Late ,First Age",Late First Age,Male,Unknown,Unknown,Halmir,Men,Unknown,Unnamed wife
SA 711,"Mid ,Second Age",Male,Unknown,Unknown,Hallatan,Men,Unknown,Unnamed wife
TA 2480,TA 2605,Male,Unknown,Unknown,Hallas (Steward),Men,Unknown,Unnamed wife
SA 852,SA 1211,Male,Unknown,Unknown,Hallacar,Men,Unknown,Tar-Ancalimë
"Late ,Third Age","Winter of ,TA 2758",Male,Unknown,Unknown,Haleth (Helm's son),Men,Unknown,Unknown
FA 341,FA 420,Female,Unknown,Unknown,Haleth,Men,Unknown,None
Unknown,TA 3019,Male,Golden,Unknown,Haldir (Lorien),Elves,Unknown,Unknown
FA 413,FA 473,Male,Unknown,Unknown,Haldir (Haladin),Men,Unknown,Glóredhel
Unknown,Unknown,Unknown,Unknown,Unknown,Haldar,Unknown,Unknown,Unknown
Unknown,Unknown,Unknown,Unknown,Unknown,Haldad,Unknown,Unknown,Unknown
TA 2916,"March 15 ,3019",Male,Black,Tall,Halbarad,Men,Unknown,Unknown
FA 390,FA 455,Male,Golden,Unknown,Hador,Men,Unknown,Gildis
"Late-,Third Age","February 28 ,3019",Male,Unknown,Unknown,Gárulf,Men,Unknown,Unknown
TA 2245,TA 2395,Male,Unknown,Unknown,Hador (Steward),Men,Unknown,Unnamed wife
TA 2767,"March 17 ,3019",Male,Unknown,4'5 - 5' (Estimate) ,Dáin II Ironfoot,Dwarves,Lonely Mountain,Unnamed wife
TA 2440,TA 2589,Male,Unknown,Unknown,Dáin I,Dwarves,Grey Mountains,Unnamed wife
TA 2772,FO 91,Male,Brown,Unknown,Dwalin,Dwarves,Unknown,Unknown
"Before the creation of ,Arda",January 253019,Male,Mane of red flames,"Slightly larger and taller than a Man (book), 20 feet (movie)",Durin's Bane,"Maiar,Balrog",Unknown,Unknown
FO 2,Unknown,Male,Unknown,Unknown,Durin VII,Dwarves,Khazad-dum,Unknown
Unknown,Unknown,Unknown,Unknown,Unknown,Durin,Unknown,Unknown,Unknown
"Late-,Third Age","Early-,Fourth Age",Male,Dark,Tall,Duinhir,Men,Unknown,Unnamed wife
"Late ,Third Age",TA 3019,Male,Unknown,Unknown,Duilin,Men,Unknown,Unknown
Unknown,FA 465,Male,Unknown,Unknown,Draugluin,Werewolves,Unknown,Unknown
"Late ,First Age",FA 499,Males,Unknown,Unknown,Dorlas,Men,Unknown,Unknown
TA 2827,Unknown,Male,Gray,Unknown,Dori,Dwarves,Unknown,Unknown
Unknown,Unknown,Male,Unknown,Unknown,Dodinas Brandybuck,Hobbits,Unknown,Unknown
TA 2328,TA 2435,Male,Unknown,Unknown,Dior (Steward),Men,Unknown,Possibly none
"FA 470,","FA 506,",Male,Possibly dark,Unknown,Dior,Half-elven,Doriath,Nimloth
Unknown,Unknown,Unknown,Unknown,Unknown,Dina Diggle,Unknown,Unknown,Unknown
SR 1316,SR 1410,Male,Unknown,Unknown,Dinodas Brandybuck,Hobbits,Unknown,Unknown
TA 2995,"Before ,FO 63",Female,Brown,Unknown,Diamond Took,Hobbits,Unknown,Peregrin Took
"Late ,Third Age",Unknown,Male,Unknown,Unknown,Dervorin,Men,Unknown,Unknown
"Late ,Third Age","Mid ,March ,3019",Male,Unknown,Unknown,Derufin,Men,Unknown,Unknown
TA 2930,"March 15 ,3019",Male,"Dark, grey",Unknown,Denethor II,Men,Unknown,Finduilas
TA 2375,TA 2477,Male,Unknown,Unknown,Denethor I,Men,Unknown,Unnamed wife
YT,YT 1497,Male,Unknown,Unknown,Denethor (First Age),Elves,Ossiriand,Unknown
"Late ,Third Age",TA 3019,Male,Dark,Unknown,Damrod,Men,Unknown,Unknown
Unknown,Unknown,Unknown,Unknown,Unknown,Daisy Gamgee,Unknown,Unknown,Unknown
"Late ,First Age",FA 460,Male,Unknown,Unknown,Dairuin,Men,Unknown,Unknown
YT,Unknown,Male,Dark,Unknown,Daeron,Elves,Unknown,None
"YT, 1050. Age = 11,484.9 Sun Years or 1,198.6 Valian Years as of FO 121 (death of Arwen).","Still alive, sailed into the ,West, sometime during the ,Fourth Age last of all elves to leave ,Middle-earth,.",Male,"Silver, bearded",Very tall,Círdan,Elves,Unknown,Presumably none
"During the ,Noontide of Valinor",FA 506,Male,Dark,Unknown,Curufin,Elves,Himlad,Unnamed wife
TA 2238,TA 2488,Male,Unknown,Unknown,in (King of Durin's Folk),Men,Grey Mountains,Unnamed wife
TA 2774,TA 2994,Male,Unknown,Unknown,in,Dwarves,Unknown,Unknown
"Before the creation of ,Arda",Immortal,Male,Unknown,Various,mar,Ainur,Unknown,None
"Early ,First Age",Unknown,Male,Unknown,Unknown,bal,Men,Unknown,Unknown
YT,Unknown,Female,Unknown,Unknown,rimë,Elves,Unknown,Unknown
SA 700,Unknown,Female,Unknown,Unknown,rildë,Men,Unknown,Unknown
"Late ,Third Age",Unknown,Male,Unknown,Unknown,othain,Men,Unknown,Unknown
TA 2961,TA 3002,Male,Blond,Unknown,omund,Men,Unknown,Théodwyn
"c. ,TA 2544",Unknown,Male,Unknown,Unknown,ofor,Men,Unknown,Unnamed wife
"Early ,Second Age",Early Second Age,Female,White or grey,Unknown,Zamîn,Men,Unknown,Unknown
SA 371,Unknown,Female,Unknown,Unknown,Yávien,Men,Unknown,Unknown
"Before the creation of ,Arda",Immortal,Female,Unknown,Varies,Yavanna,Ainur,Pastures of Yavanna,Aulë
"Late-,Third Age","Early-,Fourth Age",Male,Unknown,Unknown,Wídfara,Men,Unknown,Unnamed wife
"Late ,Third Age",TA 2759,Male,Unknown,Unknown,Wulf I,Men,Rohan,Unknown
"Late ,First Age",FA 473,Male,Unknown,Unknown,Borlach,Men,Unknown,Unknown
TA 2450,TA 2711,Male,Unknown,Unknown,Borin,Dwarven,Unknown,Unknown
TA 2834,Unknown,Male,Ginger,Unknown,Bombur,Dwarves,Unknown,Unknown
"Unknown, before the coming of Melkor","Unknown, possibly immortal",Male,Brown,Unknown,Tom Bombadil,Unknown,Old Forest,Goldberry
Unknown,Unknown,Unknown,Unknown,Unknown,Wilimar Bolger,Unknown,Unknown,Unknown
TA 2904,TA 3000,Male,Unknown,Unknown,Wilibald Bolger,Hobbits,Unknown,Prisca Baggins
Unknown,Unknown,Unknown,Unknown,Unknown,Theobald Bolger,Unknown,Unknown,Unknown
Unknown,Unknown,Unknown,Unknown,Unknown,Rudibert Bolger,Unknown,Unknown,Unknown
TA 2938,Unknown,Female,Unknown,Unknown,Rosamunda (Took) Bolger,Men,Unknown,Odovacar Bolger
Unknown,Unknown,Unknown,Unknown,Unknown,Prisca (Baggins) Bolger,Unknown,Unknown,Unknown
TA 2935,FO 10,Male,Unknown,Unknown,Odovacar Bolger,Hobbits,Unknown,Rosamunda Took
TA 2897,"Late ,Third Age",Female,Unknown,Unknown,Jessamine (Boffin) Bolger,Hobbits,Unknown,Herugar Bolger
Unknown,Unknown,Unknown,Unknown,Unknown,Gundahar Bolger,Unknown,Unknown,Unknown
TA 2980,"Early ,Fourth Age",Male,Unknown,Unknown,Fredegar Bolger,Hobbits,Unknown,"unknown, possibly unmarried"
TA 2942,FO 22,Male,Brown,Unknown,Filibert Bolger,Hobbits,Unknown,Poppy Chubb-Baggins
Unknown,Unknown,Unknown,Unknown,Unknown,Adalgar Bolger,Unknown,Unknown,Unknown
Unknown,TA 2941,Male,None,"8,4  Body weight = 190kg",Bolg,"Goblin,Orc",Unknown,Unknown
Unknown,Unknown,Unknown,Unknown,Unknown,Boldog (Character),Unknown,Unknown,Unknown
TA 2843,Unknown,Male,Dark Brown,Unknown,Bofur,Dwarves,Unknown,Unknown
Unknown,Unknown,Unknown,Unknown,Unknown,Uffo Boffin,Unknown,Unknown,Unknown
TA 2988,"Early-,Fourth Age",Male,Unknown,Unknown,Tosto Boffin,Hobbits,Unknown,Unknown
TA 2860,Unknown,Male,Unknown,Unknown,Rollo Boffin,Hobbits,Unknown,Lavender Grubb
TA 2812,TA 2900,Male,Unknown,Unknown,Otto Boffin,Hobbits,Unknown,Lavender Grubb
Unknown,Unknown,Unknown,Unknown,Unknown,Lavender (Grubb) Boffin,Unknown,Unknown,Unknown
TA 2894,TA 2986,Male,Unknown,Unknown,Jago Boffin,Hobbits,Unknown,Unnamed wife
"Late ,Third Age",Late Third Age,Female,Unknown,Unknown,Ivy (Goodenough) Boffin,Hobbits,Unknown,Buffo Boffin
TA 2854,TA 2945,Male,Unknown,Unknown,Hugo Boffin,Hobbits,Unknown,Donnamira Took
Unknown,Unknown,Unknown,Unknown,Unknown,Gruffo Boffin,Unknown,Unknown,Unknown
TA 2946,Unknown,Male,Unknown,Unknown,Griffo Boffin,Hobbits,Unknown,Daisy Baggins
TA 2904,TA 3004,Female,Unknown,Unknown,Gerda (Boffin) Bolger,Hobbits,Unknown,Adalbert Bolger
TA 2978,"Early ,Fourth Age",Male,Unknown,Unknown,Folco Boffin,Hobbits,Unknown,Unknown
"before ,TA 2860",Unknown,Female,Unknown,Unknown,Druda Burrows Boffin,Hobbits,Unknown,Rollo Boffin
TA 2950,Unknown,Female,Unknown,Unknown,Daisy (Baggins) Boffin,Hobbits,Unknown,Griffo Boffin
"Late ,Third Age","Late ,Third Age",Male,Unknown,Unknown,Buffo Boffin,Hobbits,Unknown,Ivy Goodenough
Unknown,Unknown,Unknown,Unknown,Unknown,Briffo Boffin,Unknown,Unknown,Unknown
TA 2767,TA 2858,Male,Unknown,Unknown,Bosco Boffin,Hobbits,Unknown,Unnamed wife
TA 2769,Unknown,Male,Unknown,Unknown,Basso Boffin,Hobbits,Unknown,None
TA 2856,TA 2948,Female,Unknown,Unknown,Donnamira (Took) Boffin,Hobbits,Unknown,Hugo Boffin
Unknown,Unknown,Unknown,Unknown,Unknown,Bodruith,Unknown,Unknown,Unknown
"Late ,Third Age","Early ,Fourth Age",Male,Unknown,Unknown,Bob,Hobbits,Unknown,Unknown
TA 1560,"Sometime after ,TA 1601",Male,Unknown,Unknown,Blanco,Hobbits,Unknown,Unknown
Unknown,Late Third Age,Male,Unknown,Unknown,Bladorthin,Men,"Lake-town,Dale,Rhûn,Dorwinion",Unknown
"Late ,Third Age","March 15 ,3019",Male,Unknown,Unknown,Black Serpent,Men,Unknown,Unknown
Unknown,Unknown,Unknown,Unknown,Unknown,Bilbo Gardner,Unknown,Unknown,Unknown
"22 September ,TA 2890","Unknown (Last sighting 29 SeptemberTA 3021,) (,SR 1421,)",Male,"Brown, later white","1.25m (4'1"")",Bilbo Baggins,Hobbits,Unknown,None
TA 2814,UnknownFourth Age,Male,Black/ Grey,"4'5"" (film)",Bifur,Dwarves,Unknown,Unknown
"Early  ,Third Age",Unknown,Female,Unknown,Unknown,Berúthiel,Men,Gondor,Tarannon Falastur
TA 3009,Unknown,Male,Unknown,Unknown,Bergil,Men,Unknown,Unknown
TA 2655,TA 2763,Male,Unknown,Unknown,Beren (Steward),Men,Unknown,Unnamed wife
FA 432,FA 466,Male,Dark,Tall,Beren,Men,Unknown,Lúthien Tinúviel
"Early ,Fourth Age",Unknown,Male,Unknown,Unknown,Berelach,Men,Unknown,Unknown
"Mid ,First Age",Unknown,Male,Unknown,Unknown,Beren (Belemir's son),Men,Unknown,Unnamed wife
TA 2837,Unknown,Male,Unknown,Unknown,Nori,Dwarves,Unknown,Unknown
SA 222,"Early ,Second Age",Male,Unknown,Unknown,Nolondil,Men,Unknown,Unnamed wife
"Late ,Third Age",Unknown,Male,Unknown,Unknown,Nob,Hobbits,Unknown,Unknown
FA 473,FA 499,Female,Golden,Tall,Niënor,Men,Unknown,Túrin Turambar
SR 1261,Unknown,Female,Unknown,Unknown,Nina Lightfoot,Hobbits,Shire,Theobald Bolger
YT,TA 1981,Female,Possibly golden,Unknown,Nimrodel,Elves,Unknown,"Loved ,Amroth"
"Unknown, possibly sometime during the ,Years of the Trees",FA 506,Female,Unknown,Unknown,Nimloth (elf),Elves,Doriath,Dior Eluchíl
"Before the creation of ,Arda",Immortal,Female,Unknown,Unknown,Nienna,Ainur,"Valinor,Halls of Nienna",None
unknown,Immortal,Female,Unknown,Various,Nielíqui,Ainur,Unknown,None
SA 840,"Mid ,Second Age",Female,Unknown,Unknown,Nessanië,Men,Unknown,Unknown
"Before the creation of ,Arda",Immortal,Female,Unknown,Varies,Nessa,Ainur,Valinor,Tulkas
"YT, during the ,Noontide of Valinor",Still alive,Female,Reddish brown,Unknown,Nerdanel,Elves,Unknown,Fëanor
Unknown,Unknown,Female,Unknown,Unknown,Nellas,Elves,Unknown,None
Unknown,Unknown,Unknown,Unknown,Unknown,Nauglath,Unknown,Unknown,Unknown
Unknown,Unknown,Unknown,Unknown,Unknown,Narvi,Unknown,Unknown,Unknown
Unknown,FA 503,Male,Unknown,Unknown,Naugladur,Dwarves,Unknown,Unknown
TA 1684,TA 1856,Male,Unknown,Unknown,Narmacil II,Men,Unknown,Unnamed wife
TA 1049,TA 1294,Male,Unknown,Unknown,Narmacil I,Men,Gondor,"Unknown, possibly none as he had no children"
Unknown,Unknown,Unknown,Unknown,Unknown,Nahar,Horse,Unknown,Unknown
Unknown,Unknown,Unknown,Unknown,Unknown,Mûmakil,Unknown,Unknown,Unknown
"Early ,First Age",FA 502,Male,Unknown,Unknown,Mîm,Dwarves,Unknown,Unnamed wife
Unknown,"March ,3019",Male,Unknown,Unknown,Muzgash,Orc,Unknown,Unknown
Unknown,YT 1170,Female,Silver,Unknown,Míriel,Elves,Unknown,Finwë
First Age,"Probably died on ,March 25TA 3019, during destruction of ,Mordor",Male,Most likely black or none,"6' 7"" (2.01 m)",Mouth of Sauron,Men,Unknown,None
Unknown,Unknown,Unknown,Unknown,Unknown,The Moth,Unknown,Unknown,Unknown
"Perhaps ,Firstborn",Unknown,Unknown,Unknown,Unknown,Morwë,Elves,Unknown,Unknown
"Late 26th century ,Third Age","Late ,Third Age",Female,Unknown,Unknown,Morwen (Gondor),Men,Unknown,Unnamed husband
FA 443,FA 500,Female,"Dark, grey in old age",Tall,Morwen,Men,Unknown,Húrin Thalion
Unknown,Unknown,Female,Unknown,Unknown,Mithrellas,Elves,Unknown,Imrazôr
Unknown,Unknown,Unknown,Unknown,Unknown,Minastan,Unknown,Unknown,Unknown
TA 1454,TA 1634,Male,Unknown,Unknown,Minardil,Men,Gondor,Unnamed wife
"Mid ,Third Age","July 13 ,1944",Male,Unknown,Unknown,Minohtar,Men,Unknown,Unknown
SR 1381,"Early-,Fourth Age",Male,Unknown,Unknown,Merimas Brandybuck,Hobbits,Unknown,Unknown
YT,"Unknown, presumably still alive",Female,Unknown,Unknown,Meril-i-Turinqi,Elves,Tol Eressëa,Unknown
Unknown,Unknown,Male,Unknown,Unknown,Meneldor,Eagles,Unknown,Unknown
SA 3318,TA 158,Male,Unknown,Unknown,Meneldil,Men,Gondor,Unnamed wife
Unknown,Unknown,Unknown,Unknown,Unknown,Men,Unknown,Unknown,Unknown
"Before the creation of ,Arda",Immortal,Male,Dark,Any size by choice,Melkor,Ainur,"Utumno,Angband,Middle-earth,Beleriand",Unknown
"Before the creation of ,Arda","Did not die being a ,Maia returned to ,Valinor, after the death of her husband Thingol",Female,Dark,Unknown,Melian,Ainur,Doriath,Thingol
Around FA 450,Unknown,Female,Unknown,Unknown,Meleth,Men,Unknown,Agathor
3019,"February 29 ,3019",Male,Black,Unknown,Mauhúr,Uruk-hai,"Isengard,Saruman",none
TA 2890,TA 2941,Male,Auburn,"Tall (6'4"")",Master of Laketown,Men,Lake-town,Unknown
SR 1182,Unknown,Male,Unknown,Unknown,Marroc Brandybuck,Hobbit,Unknown,Unnamed wife
SR 1343,Unknown,Male,Unknown,Unknown,Marmadas Brandybuck,Hobbits,Unknown,Unnamed wife
"Mid-,Third Age",Mid-Third Age,Male,Unknown,Unknown,Marhwini,Men,Unknown,Unnamed wife
"Mid ,Third Age",TA 1856,Male,Unknown,Unknown,Marhari,Men,Unknown,Unnamed wife
TA 1557,"Sometime after ,TA 1601",Male,Unknown,Unknown,Marcho,Hobbits,Unknown,Unknown
TA 1960,TA 2080,Male,Unknown,Unknown,Mardil Voronwë,Men,Unknown,Unnamed wife
FA 282,FA 376,Male,Unknown,Unknown,Marach,Men,Unknown,Unnamed wife
Before the Creation of Arda,Immortal,Male,Unknown,Unknown,Manwë,Ainur,"Arda,Valinor",Varda
"After ,SA 61","Early ,Second Age",Male,Unknown,Unknown,Manwendil,Men,Unknown,Possible unnamed wife
"Late ,First Age",Late First Age,Male,Unknown,Unknown,Manthor,Men,Unknown,Unknown
Before the creation of Arda,Unknown,Male,Unknown,Unknown,Mandos,Ainur,Unknown,Vairë
TA 2940,TA 3015,Male,Unknown,Unknown,Gálmód,Men,Unknown,Unnamed wife
"Unknown, possibly during the ,First Age",FA 495,Male,Became grey in captivity,Unknown,Gwindor,Elves,Unknown,"None, betrothed to ,Finduilas"
Unknown,Unknown,Male,Unknown,Unknown,Gwaihir,Great Eagles,Unknown,Unknown
"Late ,Third Age","March 15 ,3019",Male,Blond,Unknown,Guthláf,Men,Unknown,Unknown
"Mid ,First Age",FA 456,Male,Unknown,Unknown,Gundor,Men,Unknown,Unknown
Unknown,Unknown,Male,Unknown,Unknown,Guilin,Elves,Unknown,Unnamed wife
TA 2563,TA 2805,Male,Unknown,Unknown,Grór,Dwarves,Unknown,Unnamed wife
TA 2671,TA 2923,Male,Unknown,Unknown,Gróin,Dwarves,Unknown,Unnamed wife
"Mid ,First Age",FA 474,Male,Unknown,Unknown,Grithnir,Men,Unknown,Unknown
Unknown,"February 29 ,3019",Male,Unknown,Unknown,Grishnákh,Orc,Unknown,Unknown
"Late ,Third Age","March 15 ,3019",Male,Unknown,Unknown,Grimbold,Men,Unknown,Unknown
"Unknown, probably several years or so after the ,Battle of Five Armies","Unknown, early ,Fourth Age",Male,Dark,Tall (in Man-form),Grimbeorn,"Men,Skin-changer",Unknown,Unknown
TA 2862,Unknown,Female,Unknown,Unknown,Rose Greenhand,Hobbits,Unknown,Cotman Cotton
TA 2810,Unknown,Male,Unknown,Unknown,Holman Greenhand,Hobbits,Unknown,Unknown
TA 2859,Unknown,Male,Unknown,Unknown,Hending Greenhand,Hobbits,Unknown,Unknown
TA 2851,Unknown,Male,Unknown,Unknown,Halfred Greenhand,Hobbits,Unknown,Unknown
TA 2854,Unknown,Male,Unknown,Unknown,Erling Greenhand,Hobbits,Unknown,Unknown
Unknown,"July ,2941",Male,Grey/white strands of hair,About nine feet (film),Great Goblin,Orcs,Unknown,Unknown
"Late ,First Age",FA 460,Male,Unknown,Unknown,Gorlim,"Men,Wraith",Unknown,Eilinel
TA 2668,TA 2741,Male,Unknown,Unknown,Gram,Men,Rohan,Unnamed wife
Unknown,"March 15, 3019 (film)",Male,"white/gray, possibly light brown","5'9"" - 6'4"" (film)",Gothmog (Lieutenant of Morgul),Orc,"Minas Morgul,the Witch-King",None
"Before the creation of ,Arda",FA 510,Male,Unknown,Unknown,Gothmog,"Maiar,Balrogs",Unknown,Unknown
Unknown,Unknown,Male,Unknown,Unknown,Gostir,Dragons,Unknown,Unknown
SR 1134,SR 1236,Male,Unknown,Unknown,"Gormadoc ""Deepdelver"" Brandybuck",Hobbits,Buckland,Malva Headstrong
TA 2274,Unknown,Male,Unknown,Unknown,Gorhendad (Oldbuck) Brandybuck,Hobbits,Unknown,Unnamed wife
Unknown,Unknown,Unknown,Unknown,Unknown,Gorgol,Unknown,Unknown,Unknown
TA 2908,"Before ,TA 3001",Male,Unknown,Unknown,Gorbulas Brandybuck,Hobbits,Unknown,Unnamed wife
Unknown,"March 14 ,3019, slain by ,Shagrat",Male,black,medium,Gorbag,"Uruk-hai,Orc",Cirith Ungol,Unknown
Unknown,Unknown,Unknown,Unknown,Unknown,Bell (Goodchild) Gamgee,Unknown,Unknown,Unknown
Unknown,Unknown,Unknown,Unknown,Unknown,Togo Goodbody,Unknown,Unknown,Unknown
Unknown,Unknown,Unknown,Unknown,Unknown,Lily (Baggins) Goodbody,Unknown,Unknown,Unknown
TA 2430,"March 25 ,3019",Male,Unknown,Unknown,Gollum,Hobbits,Unknown,Unknown
"Unknown, before ,TA 2700",TA 2747,Male,Unknown,Unknown,Golfimbul,"Orc,Goblin",Mount Gram,None
Unknown,Unknown,Female,Unknown,Unknown,Hanna (Goldworthy) Brandybuck,Hobbit,Unknown,Madoc Brandybuck
TA 2619,TA 2699,Male,Unknown,Unknown,Goldwine,Men,Rohan,Unknown
Unknown,Unknown,Unknown,Unknown,Unknown,Goldilocks (Gardner) Took,Unknown,Unknown,Unknown
"Late ,Third Age",Unknown,Male,Unknown,Unknown,Golasgil,Men,Unknown,Unknown
"Late ,Third Age","Presumably sometime after ,TA 3019",Male,Unknown,Unknown,Harry Goatleaf,Men,Unknown,Unknown
FA 415,FA 473,Female,Blonde,Unknown,Glóredhel,Men,Unknown,Haldir
TA 2136,TA 2385,Male,Unknown,Unknown,Glóin (King of Durin's Folk),Dwarves,Grey Mountains,Unnamed wife
TA 2783,FO 15,Male,"Red, later White",Unknown,Glóin,Dwarves,Unknown,Unnamed wife
"Late ,Third Age",Unknown,Male,Unknown,Unknown,Gléowine,Men,Unknown,Unknown
"Possibly ,YT",FA 510,Male,Golden,Tall,Glorfindel,Elves,Unknown,None
"Unknown, late fifth or sixth century ,First Age",Unknown,Male,Unknown,Unknown,Glirhuin,Men,Unknown,Unknown
Presumably after Morgoth's return to Angband,FA 501,Male,None,Gigantic,Glaurung,Dragons,Unknown,None
TA 2732,TA 2770,Male,Unknown,Unknown,Girion,Men,Unknown,Unnamed wife
Unknown,Unknown,Unknown,Unknown,Unknown,Gimli (Elf),Unknown,Unknown,Unknown
TA 2879,"Unknown (Departed to ,Aman ,FO 120,)",Male,Auburn,Unknown,Gimli,Dwarves,Unknown,Unknown
SA 2630,Unknown,Male,Unknown,Unknown,Gimilzagar,Men,Unknown,Unknown
SA 3044,SA 3243,Male,Unknown,Unknown,Gimilkhâd,Men,Unknown,Unnamed wife
TA 2907,TA 3007,Female,Blonde,"Unknown (book) 1.66m (5'5"") (film)",Gilraen,Men,Unknown,Arathorn II
TA 2000,Unknown,Female,Unknown,Unknown,Gilmith,Half-elven,Unknown,Unknown
Unknown,Presumably still alive,Male,Unknown,Unknown,Gilfanon,Elves,Unknown,Unknown
Unknown,Possible sailed West,Male,Golden,Unknown,Gildor Inglorion,"Elves,Noldor",Unknown,Unknown
"Late ,First Age",FA 460,Male,Unknown,Unknown,Gildor (Edain),Men,Unknown,Unknown
FA 450,SA 3441,Male,Possibly golden Dark brown,Tall,Gil-galad,Elves,"Havens of Sirion,Lindon",Unknown
First Age,Unknown,Female,Unknown,Unknown,Gildis,Men,Unknown,"Hador, Lórindol"
"Late ,Third Age",Unknown,Male,Black,Short,Ghân-buri-Ghân,Drúedain,Unknown,Unknown
Unknown,Unknown,Male,Unknown,Unknown,Gelmir (of Angrod's kin),Elves,Unknown,Unknown
Unknown,Unknown,Unknown,Unknown,Unknown,Robin Gardner,Unknown,Unknown,Unknown
Unknown,Unknown,Unknown,Unknown,Unknown,Primrose Gardner,Unknown,Unknown,Unknown
"Mid ,First Age",Unknown,Male,Unknown,Unknown,Gethron,Men,Unknown,Unknown
Unknown,FA 473,Male,Unknown,Unknown,Gelmir,Elves,Unknown,Unknown
Unknown,Unknown,Unknown,Unknown,Unknown,Pippin Gamgee,Unknown,Unknown,Unknown
Unknown,Unknown,Unknown,Unknown,Unknown,Wilcome Cotton,Unknown,Unknown,Unknown
TA 2941,FO 20,Male,Unknown,Unknown,Tolman Cotton,Hobbits,Unknown,Lily Brown
TA 2984,FO 61,Female,Light brown,Unknown,Rosie Cotton,Hobbits,Unknown,Sam Gamgee
TA 2983,Unknown,Female,Unknown,Unknown,Marigold (Gamgee) Cotton,Hobbits,Unknown,Tolman Cotton
"Late ,Third Age",Unknown,Female,Unknown,Unknown,Lily Cotton,Hobbits,Unknown,Farmer Cotton
Unknown,Unknown,Unknown,Unknown,Unknown,Carl Cotton,Unknown,Unknown,Unknown
TA 2886,Unknown,Male,Unknown,Unknown,Bowman Cotton,Hobbits,Unknown,None
TA 2980,FO 60,Male,Unknown,Unknown,Tolman Cotton Jr.,Hobbits,Unknown,Marigold Cotton
Unknown,Unknown,Unknown,Unknown,Unknown,Cottar,Unknown,Unknown,Unknown
Unknown,Unknown,Unknown,Unknown,Unknown,Cora Goodbody,Unknown,Unknown,Unknown
SA 3379,TA 2,Male,Unknown,Unknown,Ciryon,Men,Unknown,"Unknown, possibly known"
"Mid ,Second Age","After ,SA 1700",Male,Black,Tall,Ciryatur,Men,Unknown,Unknown
TA 820,TA 1015,Male,Unknown,Unknown,Ciryandil,Men,Gondor,Unnamed wife
TA 2449,TA 2567,Male,Unknown,Unknown,Cirion,Men,Unknown,Unnamed wife
Unknown,Unknown,Unknown,Unknown,Unknown,Poppy (Chubb-Baggins) Bolger,Unknown,Unknown,Unknown
TA 2903,TA 2999,Male,Unknown,Unknown,Falco Chubb-Baggins,Hobbits,Unknown,Unnamed wife
"Late ,Third Age",Unknown,Male,Unknown,Unknown,Ceorl,Men,Unknown,Unknown
SA 575,Unknown,Male,Unknown,Unknown,Cemendur (son of Axantur),Men,Unknown,Unnamed wife
SA 3399,TA 238,Male,Unknown,Unknown,Cemendur,Men,Gondor,Unnamed wife
TA 979,TA 1191,Male,Unknown,Unknown,Celepharn,Men,Arthedain,Unnamed wife
"During in the ,Noontide of Valinor",FA 506,Male,Fair,Unknown,Celegorm,Elves,Unknown,None
"Between the years ,SA 350, and SA 400","Still alive; Departed to ,Aman, in ,TA 2510",Female,Possibly silver,Unknown,Celebrían,Elves,Unknown,Elrond
TA 1062,TA 1272,Male,Unknown,Unknown,Celebrindor,Men,Arthedain,Unnamed wife
YT,"SA 1697 ,War of the Elves and Sauron",Male,Dark,Unknown,Celebrimbor,Elves,Eregion,Unknown
YT,"Still alive, departed over the sea in the early Fourth Age",Male,Silver,Tall,Celeborn,Elves,"Eregion,Lothlórien,Caras Galadhon",Galadriel
TA 1259,TA 1447,Male,Unknown,Unknown,Castamir the Usurper,Men,Gondor,Unnamed wife
"Before the Creation of ,Arda",FA 466,Male,Black with red stripes,Gigantic,Carcharoth,Werewolves,Angband,Unknown
Unknown,Unknown,Unknown,Unknown,Unknown,Carc,Unknown,Unknown,Unknown
"During the ,Noontide of Valinor",FA 506,Male,Dark,Unknown,Caranthir,Elves,Unknown,Unnamed wife
TA 1058,TA 1304,Male,Unknown,Unknown,Calmacil,Men,Gondor,Unnamed wife
SA 512,SA 900,Male,Unknown,Unknown,Caliondo,Men,Unknown,Unnamed wife
Unknown,Unknown,Unknown,Unknown,Unknown,Calimmacil,Unknown,Unknown,Unknown
TA 1736,TA 1936,Male,Unknown,Unknown,Calimehtar,Men,Gondor,Unnamed wife
"Late ,First Age",FA 473,Male,Unknown,Unknown,Bór,Men,Unknown,Unnamed wife
FA 262,FA 355,Male,Unknown,Unknown,Bëor,Men,Unknown,Unnamed wife
"Late ,Third Age","Early ,Fourth Age",Male,Brown,Unknown,Barliman Butterbur,Men,Unknown,Unknown
Unknown,Unknown,Unknown,Unknown,Unknown,Myrtle Burrows,Unknown,Unknown,Unknown
Unknown,Unknown,Unknown,Unknown,Unknown,Mosco Burrows,Unknown,Unknown,Unknown
TA 2974,"November 3 ,3019",Male,Black,Unknown,Gríma Wormtongue,Men,Unknown,Unknown
"Mid-,Second Age","March 15 ,3019",Male,"Brown, graying, later white","7' 1"" (2.13 metres)",Witch-king of Angmar,"Men,Wraith","Angmar,Minas Morgul,Osgiliath",Unknown
TA 2800,Unknown,Male,Unknown,Unknown,Wiseman Gamwich,Hobbit,Unknown,Unnamed wife
"Late ,Third Age","Early ,TA 3019",Male,Unknown,Unknown,Willie Banks,Hobbits,Bree,Unknown
Unknown,Unknown,Unknown,Unknown,Unknown,Wife of Barach,Unknown,Unknown,Unknown
Unknown,Unknown,Unknown,Unknown,Unknown,Widow Rumble,Unknown,Unknown,Unknown
Unknown,Unknown,Unknown,Unknown,Unknown,Will Whitfoot,Unknown,Unknown,Unknown
Possibly pre First Age,Unknown; possibly still alive,Most likely male,None,Huge,Watcher in the Water,Urulóki,Doors of Durin,Most likely none
Unknown,Unknown,Unknown,Unknown,Unknown,Warg Matriarch,Unknown,Unknown,Unknown
TA 2780,TA 2851,Male,Unknown,Unknown,Walda,Men,Unknown,Unnamed wife
SA 425,"Early ,Second Age",Male,Unknown,Unknown,Vëantur,Men,Unknown,Unnamed wife
Unknown,Unknown,Unknown,Unknown,Unknown,Vëannë,Unknown,Unknown,Unknown
First Age,Unknown,Male,Unknown,Unknown,Voronwë,Elves,Unknown,None known
TA 1919,TA 2029,Male,Unknown,Unknown,Vorondil,Men,Unknown,Unnamed wife
"Before ,TA 1255",TA 1344,Female,Unknown,Unknown,Vidumavi,Men,Unknown,Valacar
"Mid-,Third Age",Unknown,Male,Unknown,Unknown,Vidugavia,Men,Rhovanion,Unnamed wife
SA 203,"Early ,Second Age",Female,Unknown,Unknown,Vardilmë,Men,Unknown,Unknown
SA 61,SA 471,Male,Unknown,Unknown,Vardamir Nólimon,Men,Númenor,Unnamed wife
Before the creation of Arda,Immortal,Female,Unknown,Unknown,Varda,Ainur,Arda,Manwë
TA 462,TA 652,Male,Unknown,Unknown,Valandur,Men,Arnor,Unnamed wife
"Early ,Second Age","Early ,Second Age",Male,Unknown,Unknown,Valandil of Andúnië,Men,Unknown,Unknown
SA 3430,TA 249,Male,Unknown,Unknown,Valandil,Men,Arnor,Unnamed wife
TA 1194,TA 1432,Male,Unknown,Unknown,Valacar,Men,Gondor,Vidumavi
YT,Unknown,Female,Unknown,Unknown,Vairë (Elf),Elves,Unknown,Lindo
Before the creation of Arda,Immortal,Female,Unknown,Unknown,Vairë,Ainur,"Valinor,Halls of Mandos",Mandos
"Late ,First Age",FA 460,Male,Unknown,Unknown,Urthel,Men,Unknown,Unknown
Unknown,"Possibly end of ,First Age",Female,Unknown,Enormous,Ungoliant,Great Spiders,Unknown,Unknown
"Mid ,First Age",FA 473,Male,Unknown,Unknown,Ulwarth,Men,Unknown,Unknown
Unknown,Unknown,Unknown,Unknown,Unknown,Ulrad,Unknown,Unknown,Unknown
"Before the creation of ,Arda",Immortal,Male,Unknown,Unknown,Ulmo,Ainur,"Valinor,Ulmonan",None
"Mid ,First Age",FA 473,Male,Unknown,Unknown,Ulfast,Men,Unknown,Unknown
"Late ,First Age",FA 473,Male,Unknown,Unknown,Ulfang,Men,Unknown,Unnamed wife
"Mid ,First Age",FA 473,Male,Unknown,Unknown,Uldor,Men,Unknown,Unknown
"Early ,Second Age",Mid Second Age,Male,Unknown,Unknown,Ulbar,Men,Unknown,Unnamed wife
"Before the creation of ,Arda",Immortal,Female,Unknown,Unknown,Uinen,Unknown,Unknown,Ossë
3019,February 293019,Male,Dark,"6' 6"" (movie)",Uglúk,Uruk-hai,Isengard,None
Unknown,3019,Male,Unknown,Unknown,Ufthak,Orc,Cirith Ungol,None
TA 2815,TA 2914,Male,Unknown,Unknown,Túrin II,Men,Unknown,Unnamed wife
TA 2165,TA 2278,Male,Unknown,Unknown,Túrin I,Men,Unknown,Unnamed wife
FA 464,FA 499,Male,Dark,Tall,Túrin,Men,Unknown,Nienor
Unknown,Unknown,Unknown,Unknown,Unknown,Daddy Twofoot,Unknown,Unknown,Unknown
TA 2855,TA 2953,Male,Unknown,Unknown,Turgon (Steward),Men,Unknown,Unnamed wife
YT 1300,FA 510,Male,Dark,Unknown,Turgon,Elves,"Nevrast,Gondolin",Elenwë
TA 397,TA 667,Male,Unknown,Unknown,Turambar,Men,Gondor,Unnamed wife
FA 472,None; sailed into the West and was accounted amongst the Eldar,Male,Golden,Tall,Tuor,Men,Unknown,Idril Celebrindal
YT,Unknown,Male,Unknown,Unknown,Tulkastor,Elves,Unknown,Unnamed wife
"Before the creation of ,Arda",Immortal,Male,Golden,Unknown,Tulkas,Ainur,"Valinor,House of Tulkas",Nessa
YT,Unknown,Male,"Leaf, twig and moss like",15'4,Treebeard,"Ents,Onodrim",Unknown,Fimbrethil
TA 2890,TA 2981,Male,Unknown,Unknown,Sigismond Took,Hobbits,Unknown,Unnamed wife
SR 1256,Unknown,Female,Unknown,Unknown,Rosa (Baggins) Took,Hobbits,Unknown,Hildigrim Took
TA 2976,Fourth Age,Male,Unknown,Unknown,Beregond (Captain),Men,Unknown,Unnamed wife
TA 2700,TA 2811,Male,Unknown,Unknown,Beregond,Men,Unknown,Unnamed wife
FA 340,Unknown,Male,Unknown,Unknown,Bereg,Men,Unknown,Unknown
Unknown,"Before the ,War of the Ring",Male,Black,Tall,Beorn,Skin-changer,Unknown,Unknown
FA 292,Unknown,Male,Unknown,Unknown,Belen,Men,Unknown,Unnamed wife
FA 339,Unknown,Male,Unknown,Unknown,Belemir,Men,Unknown,Adanel
"Late ,First Age",FA 460,Male,Unknown,Unknown,Belegund,Men,Unknown,Unnamed wife
TA 2074,TA 2204,Male,Unknown,Unknown,Belegorn,Men,Unknown,Unnamed wife
TA 811,TA 1029,Male,Unknown,Unknown,Beleg of Arnor,Men,"Arnor,Arthedain",Unnamed wife
Unknown,FA 489,Male,Unknown,Unknown,Beleg,Elves,Unknown,Unknown
TA 2752,TA 2872,Male,Unknown,Unknown,Belecthor II,Men,Unknown,Unnamed wife
TA 2545,TA 2655,Male,Unknown,Unknown,Belecthor I,Men,Unknown,Unnamed wife
"Mid-,First Age",Unknown,Female,Brown,Unknown,Beldis,Men,Unknown,Handir
FA 316,Unknown,Male,Unknown,Unknown,Beldir,Men,Unknown,Unnamed wife
Unknown,"March 3 ,3019",Male,Leafy-hair,Very tall,Beechbone,Ents,Unknown,Unknown
TA 2985,"Early ,Fourth Age",Male,Unknown,"6'2""",Bard II,Men,"Dale,Lake-town",Unknown
TA 2898,TA 2977,Male,Black,Unknown,Bard,Men,Dale,Unnamed wife
FA 317,Unknown,Male,Unknown,Unknown,Baranor,Men,Unknown,Unnamed wife
FA 289,FA 380,Male,Unknown,Unknown,Baran,Men,Estolad,Unnamed wife
TA 2290,TA 2412,Male,Unknown,Unknown,Barahir (Steward),Men,Gondor,Unnamed wife
Unknown,Unknown,Unknown,Unknown,Unknown,Barahir (Fourth Age),Unknown,Unknown,Unknown
FA 402,FA 460,Male,Possibly dark,Unknown,Barahir,Men,Unknown,Emeldir
FA 420,FA 460,Male,Unknown,Unknown,Baragund,Men,Unknown,Unnamed wife
TA 2763,TA 2994,Male,White,Unknown,Balin,Dwarves,Unknown,Unknown
Unknown,Unknown,Unknown,Unknown,Unknown,Baldor,Unknown,Unknown,Unknown
Unknown,Unknown,Unknown,Unknown,Unknown,Balcmeg,Unknown,Unknown,Unknown
TA 2925,TA 3007,Male,Brown,"1.76m / 5'9"" (film)",Bain,Men,Dale,Unnamed wife
Unknown,Unknown,Unknown,Unknown,Unknown,Ruby (Bolger) Baggins,Unknown,Unknown,Unknown
TA 2948,Unknown,Male,Unknown,Unknown,Porto Baggins,Hobbits,Unknown,Unknown
TA 2946,Unknown,Male,Unknown,Unknown,Ponto Baggins II,Hobbits,Unknown,Unnamed wife
Unknown,Unknown,Unknown,Unknown,Unknown,Ponto Baggins I,Unknown,Unknown,Unknown
TA 2816,TA 2911,Male,Unknown,Unknown,Ponto Baggins,Hobbits,Unknown,Mimosa Bunce
Unknown,Unknown,Unknown,Unknown,Unknown,Polo Baggins,Unknown,Unknown,Unknown
TA 2950,Unknown,Female,Unknown,Unknown,Peony (Baggins) Burrows,Hobbits,Unknown,Milo Burrows
Unknown,Unknown,Unknown,Unknown,Unknown,Pansy Baggins,Unknown,Unknown,Unknown
Unknown,Unknown,Unknown,Unknown,Unknown,Man in the Moon,Unknown,Unknown,Unknown
TA 1144,TA 1349,Male,Unknown,Unknown,Malvegil,Men,Arthedain,Unnamed wife
Unknown,Unknown,Female,Unknown,Unknown,"Malva ""Headstrong"" Brandybuck",Hobbit,Unknown,Gormadoc Brandybuck
TA 895,TA 1110,Male,Unknown,Unknown,Mallor,Men,"Arthedain,Arnor",Unnamed wife
"Mid ,Third Age",Mid Third Age,Male,"Dark, later grey",Unknown,Malbeth the Seer,Men,Unknown,"Unknown, possible none"
Unknown,Unknown,Unknown,Unknown,Unknown,Malantur,Unknown,Unknown,Unknown
Unknown,Unknown,Unknown,Unknown,Unknown,Mallor (BOH),Unknown,Unknown,Unknown
FA 307,FA 398,Male,Unknown,Unknown,Malach,Men,Unknown,Meldis
SA 377,Unknown,Female,Unknown,Unknown,Mairen,Men,Unknown,Unknown
UnknownYT,Still alive,Male,Brown with copperlike-red,Unknown,Mahtan,Elves,Unknown,Unnamed wife
F.A. 341,Unknown,Male,Unknown,Unknown,Magor,Men,Unknown,Unknown
"During the ,Noontide of Valinor",Fate unknown,Male,Dark,Unknown,Maglor,Elves,Unknown,Unnamed wife
TA 2948,Unknown,Male,Brown,Unknown,Farmer Maggot,Hobbits,Unknown,Unnamed wife
FA 320,FA 510,Male,Black,Tall,Maeglin,Elves,Unknown,None
"During the ,Noontide of Valinor",FA 587,Male,Dark red,Tall,Maedhros,Elves,Unknown,None
"Late ,Third Age",Unknown,Male,Dark,Tall,Mablung the Ranger,Men,Unknown,Unknown
Unknown,FA 502,Male,Unknown,Unknown,Mablung,Elves,Unknown,Unknown
YT 1200,FA 503,Female,Black,Unknown,Lúthien,"Elves,Maiar",Unknown,Beren Erchamion
"Late ,Third Age",TA 2994,Male,Unknown,Unknown,Lóni,Dwarves,Unknown,Unknown
TA 2752,TA 2842,Male,Unknown,Unknown,Brytta Léofa,Men,Rohan,Unnamed wife
TA 2459,TA 2501,Male,Unknown,Unknown,Léod,Men,Unknown,Unnamed wife
"Before the creation of ,Arda",First Age,Male,Mane of red flame,Unknown,Lungorthin,Balrog,Unknown,Unknown
",3019",February 293019,Male,Dark,6'1 (film),Lugdush,Uruk-hai,Unknown,Unknown
TA 2999,Unknown,Female,Unknown,Unknown,Lothíriel,Men,Rohan,omer
"Late ,First Age",Late First Age,Male,Unknown,Unknown,Lorgan,Men,Unknown,Unknown
"Late ,Second Age",Late Second Age,Female,Unknown,Unknown,Lindórië,Men,Unknown,Unknown husband
YT,Unknown,Male,Unknown,Unknown,Lindo,Elves,Unknown,Vairë
SA 551,Unknown,Female,Unknown,Unknown,Lindissë,Men,Unknown,Unknown
Unknown,"Possibly departed to ,Aman",Male,Brown,Tall,Lindir,Elves,Unknown,Unknown
SR 1313,Between SR 1401-1418,Unknown,Unknown,3'8',Letter 211,Unknown,Unknown,Lilah Took
YT,YT (possibly),Male,Unknown,Unknown,Lenwë,Elves,Unknown,Unnamed wife
Unknown,Unknown,Male,Unknown,Unknown,Legolas (elf of Gondolin),Elves,Unknown,Unknown
Unknown,"Still alive, departed to ,Aman ,FO 120",Male,"Uncertain, Blonde",Unknown,Legolas,Elves,Unknown,Unknown
"Late ,First Age",Unknown,Male,Unknown,Unknown,Larnach,Men,Unknown,Unnamed wife
"Possibly ,First Age",Possibly still alive,Male,Unknown,Unknown,Landroval,Eagle,Unknown,Unknown
FA 466,FA 469,Female,Blonde,Unknown,Lalaith,Men,Unknown,Unknown
Unknown,Unknown,Unknown,Unknown,Unknown,Hamfast Gardner,Unknown,Unknown,Unknown
March 253021,"Early ,Fourth Age",Female,Blonde or Golden,Unknown,Elanor Gardner,Hobbits,Unknown,Fastred of Greenholm
Before the the Shaping of Arda,"January 253019 ,Battle of the Peak immortal",Male,"Grey, later white",Unknown,Gandalf,Maiar,Unknown,Unknown
"Possibly late ,Third Age",Unknown,Male,Possibly blond,Unknown,Gamling,Men,Unknown,Unknown
"April 6 ,2980","Still alive, after going to the ,Undying Lands, in ,FO 61",Male,Blond,"1.22m (4'0"")",Samwise Gamgee,Hobbits,Unknown,Rosie Cotton
Unknown,Unknown,Unknown,Unknown,Unknown,Rose Gamgee,Unknown,Unknown,Unknown
Unknown,Unknown,Unknown,Unknown,Unknown,Gamil Zirak,Unknown,Unknown,Unknown
TA 2976,Unknown,Female,Unknown,Unknown,May Gamgee,Hobbits,Unknown,Unknown
TA 2965,Unknown,Male,Unknown,Unknown,Hamson Gamgee,Hobbits,Unknown,None
TA 2926,FO 7 (SR 1428),Male,"Brown, later gray","1.2m (3'11"")",Hamfast Gamgee,Hobbit,Unknown,Bell Goodchild
TA 2969,Unknown,Male,Unknown,Unknown,Halfred Gamgee,Hobbits,Unknown,Unknown
FO 2,FO,Male,Unknown,Unknown,Frodo Gardner,Hobbits,Unknown,Unnamed wife
TA 2972,FO 54,Female,Unknown,Unknown,Daisy Gamgee I,Hobbits,Unknown,Unknown
Unknown,Unknown,Unknown,Unknown,Unknown,Bilbo Gamgee,Unknown,Unknown,Unknown
Unknown,Unknown,Unknown,Unknown,Unknown,Halfast Gamgee,Unknown,Unknown,Unknown
Unknown,Unknown,Unknown,Unknown,Unknown,Merry Gamgee,Unknown,Unknown,Unknown
Unknown,Unknown,Male,Unknown,Unknown,Galion,Elves,Unknown,Unknown
Unknown,Unknown,Male,Unknown,Unknown,Galdor of the Tree,Elves,Unknown,Unknown
Unknown,Unknown,Male,Golden,6'3 (movie),Galdor of the Havens,Elves,Unknown,Unknown
FA 417,FA 462,Male,Unknown,Tall,Galdor,Men,Unknown,Hareth
Unknown,Unknown,Unknown,Unknown,Unknown,Galar,Unknown,Unknown,Unknown
YT 1362,"Still alive: Departed over the sea on ,September 29 ,3021",Female,Golden,Tall,Galadriel,Elves,"Eregion,Lothlórien,Caras Galadhon",Celeborn
Unknown,Unknown,Male,Unknown,Unknown,Galathil,Elves,Unknown,Unnamed Wife
TA 2004,TA 2129,Male,Unknown,Unknown,Galador,Half-elven,Unknown,Unnamed wife
Unknown,Unknown,Unknown,Unknown,Unknown,Fíriel Fairbairn,Unknown,Unknown,Unknown
TA 1896,Unknown,Female,Unknown,Unknown,Fíriel,Men,Arthedain,Arvedui
TA 2859,November 23TA 2941,Male,Yellow,Unknown,Fíli and Kíli,Dwarves,Unknown,None
YT 1169,YT 1497,Male,Raven,Tall,Fëanor,Elves,"Tirion,Formenos",Nerdanel
TA 2662,TA 2799,Male,Unknown,Unknown,Fundin,Dwarves,Unknown,Unnamed wife
Unknown,Unknown,Unknown,Unknown,Unknown,Fuithluin,Unknown,Unknown,Unknown
Second Age,Unknown,Male,Unknown,Unknown,Fuinur,Men,Unknown,Unknown
TA 2552,TA 2589,Male,Unknown,Unknown,Frór,Dwarves,Unknown,Unknown
TA 2594,TA 2680,Male,Unknown,Unknown,Fréawine,Men,Rohan,Unknown
TA 2726,TA 2798,Male,Unknown,Unknown,Fréaláf Hildeson,Men,Rohan,Unnamed wife
TA 2570,TA 2659,Male,Unknown,Unknown,Fréa,Men,Rohan,Unnamed wife
"Late ,Third Age",November 102994,Male,Unknown,Unknown,Frár,Dwarf,Unknown,Unknown
TA 1940,TA 2001,Male,Unknown,Unknown,Frumgar,Men,Unknown,Unnamed wife
TA 2751,TA 2799,Male,Unknown,Unknown,Frerin,Dwarves,Unknown,Unknown
TA 2698,TA 2754,Male,Dark,Unknown,Freca,Men,Unknown,Unnamed wife
TA 1967,"Unknown, sometime after ,TA 2000",Male,Unknown,Unknown,Fram,Men,Unknown,"Unknown, probably as he had descendants"
"Late ,First Age",Late First Age,Male,Fair,Unknown,Forweg,Men,Unknown,"Unknown, probably none"
TA 2745,TA 2848,Male,Unknown,Unknown,Fortinbras Took I,Hobbits,Unknown,Unnamed wife
"Mid ,Third Age",TA 1944,Male,Unknown,Unknown,Forthwini,Men,Unknown,"Unknown, but possible since he had descendants"
"Late ,Third Age",TA 3019,Male,Unknown,Unknown,Forlong,Men,Unknown,unknown
TA 2830,TA 2903,Male,Unknown,Unknown,Folcwine,Men,Rohan,Unnamed wife
TA 2858,TA 2885,Male,Unknown,Unknown,Folcred,Men,Unknown,Unknown
TA 2804,TA 2864,Male,Unknown,Unknown,Folca,Men,Unknown,Unnamed wife
"Late ,Third Age",TA 2994,Male,Unknown,Unknown,Flói,Dwarves,Unknown,Unknown
Unknown,Unknown,Unknown,Unknown,Unknown,Fladrif,Unknown,Unknown,Unknown
Unknown,Unknown,Unknown,Unknown,Unknown,Moro Burrows,Unknown,Unknown,Unknown
TA 2996,Unknown,Male,Unknown,Unknown,Minto Burrows,Hobbits,Unknown,Unknown
SR 1347,Unknown,Male,Unknown,Unknown,Milo Burrows,Hobbits,Unknown,Peony Baggins
TA 1930,TA 2031,Male,Unknown,Unknown,Bucca of the Marish,Hobbits,Unknown,Unknown
Unknown,Unknown,Unknown,Unknown,Unknown,Broncho Stonecrow,Unknown,Unknown,Unknown
TA 2857,Unknown,Female,Unknown,Unknown,Sapphira (Brockhouse) Boffin,Hobbits,Unknown,Uffo Boffin
"Mid ,First Age",Late First Age,Male,Unknown,Unknown,Bregor,Men,Unknown,Unnamed wife
TA 2913,TA 3012,Female,Unknown,Unknown,Asphodel (Brandybuck) Burrows,Hobbit,Unknown,Rufus Burrows
Unknown,Unknown,Unknown,Unknown,Unknown,Brodda,Unknown,Unknown,Unknown
"Late ,First Age",FA 455,Male,Unknown,Unknown,Bregolas,Men,Unknown,Unnamed wife
TA 2512,TA 2570,Male,Unknown,Unknown,Brego,Men,Rohan,Unnamed wife
TA 2519,Unknown,Male,Leafy-hair,Unknown,Bregalad,Ents,Unknown,Unknown
Unknown,Unknown,Unknown,Unknown,Unknown,Salvia (Brandybuck) Bolger,Unknown,Unknown,Unknown
Unknown,Unknown,Unknown,Unknown,Unknown,Rorimac Brandybuck,Unknown,Unknown,Unknown
TA 2920,TA 2980,Female,Unknown,Unknown,Primula (Brandybuck) Baggins,Hobbits,Unknown,Drogo Baggins
TA 2860,TA 2960,Female,Unknown,Unknown,Mirabella (Took) Brandybuck,Hobbits,Unknown,Gorbadoc Brandybuck
TA 2948,Unknown,Male,Unknown,Unknown,Seredic Brandybuck,Hobbits,Unknown,Hilda Bracegirdle
Unknown,Unknown,Unknown,Unknown,Unknown,Merimac Brandybuck,Unknown,Unknown,Unknown
Unknown,Unknown,Unknown,Unknown,Unknown,Orgulas Brandybuck,Unknown,Unknown,Unknown
TA 2982,FO 65,Male,Golden yellow,"1.38m (4'6"")",Meriadoc Brandybuck,Hobbit,Unknown,Estella (Bolger) Brandybuck
TA 2983,"Early-,Fourth Age",Female,Dark Brown,Unknown,Mentha Brandybuck,Hobbits,Unknown,Unknown
SR 1385,Unknown,Female,Unknown,Unknown,Melilot Brandybuck,Hobbits,Unknown,Unknown
SR 1175,SR 1277,Male,Unknown,Unknown,Madoc Brandybuck,Hobbit,Buckland,Hanna Goldworthy
Unknown,Unknown,Unknown,Unknown,Unknown,Ilberic Brandybuck,Unknown,Unknown,Unknown
Unknown,Unknown,Unknown,Unknown,Unknown,Gorbadoc Brandybuck,Unknown,Unknown,Unknown
Unknown,Unknown,Unknown,Unknown,Unknown,Marmadoc Brandybuck,Unknown,Unknown,Unknown
TA 2985,"Before ,FO 63",Female,Dark Blonde,Unknown,Estella (Bolger) Brandybuck,Hobbits,Unknown,Meriadoc Brandybuck
TA 2954,Unknown,Female,Unknown,Unknown,Hilda Brandybuck,Hobbits,Unknown,Seredic Brandybuck
TA 2936,Unknown,Female,Unknown,Unknown,Esmeralda Brandybuck,Hobbits,Unknown,Saradoc Brandybuck
Unknown,Unknown,Unknown,Unknown,Unknown,Doderic Brandybuck,Unknown,Unknown,Unknown
TA 2994,Unknown,Female,Unknown,Unknown,Celandine Brandybuck,Hobbits,Unknown,None
Unknown,Unknown,Unknown,Unknown,Unknown,Berilac Brandybuck,Unknown,Unknown,Unknown
TA 2904,TA 2998,Female,Unknown,Unknown,Amaranth Brandybuck,Hobbits,Unknown,None
TA 2818,Unknown,Female,Unknown,Unknown,Adaldrida (Bolger) Brandybuck,Hobbits,Unknown,Marmadoc Brandybuck
First Age,FA 499,Unknown,Unknown,Unknown,Brandir,Men,Unknown,Unknown
TA 2957,"March 17 ,3019",Male,Unknown,Unknown,Brand,Men,"Dale,Laketown",Unnamed wife
TA 2865,Unknown,Female,Unknown,Unknown,Primrose Bracegirdle,Hobbits,Unknown,Blanco Bracegirdle
TA 2913,TA 3010,Male,Unknown,Unknown,Bruno Bracegirdle,Hobbits,Unknown,Unnamed wife
TA 2865,Unknown,Male,Unknown,Unknown,Blanco Bracegirdle,Hobbits,Unknown,Primrose Boffin
"Late ,First Age",FA 473,Male,Unknown,Unknown,Borthand,Men,Unknown,Unknown
"Late ,Third Age","April 15 ,2510",Male,Unknown,Unknown,Borondir,Men,Unknown,Unknown
First Age,First Age,Male,Unknown,Unknown,Boron,Men,Unknown,Unnamed wife
TA 2410,TA 2489,Male,Unknown,Unknown,Boromir (Steward),Men,Unknown,Unnamed wife
FA 338,FA 432,Male,Unknown,Unknown,Boromir (House of Bëor),Men,Unknown,Unnamed wife
Unknown,Unknown,Unknown,Unknown,Unknown,Reginard Took,Unknown,Unknown,Unknown
Unknown,Unknown,Unknown,Unknown,Unknown,Pimpernel Took,Unknown,Unknown,Unknown
Unknown,Unknown,Unknown,Unknown,Unknown,Pervinca Took,Unknown,Unknown,Unknown
TA 2990,FO 65,Male,Almost golden,"1.34m (4'5"")",Peregrin Took,Hobbits,Unknown,Diamond of Long Cleeve
TA 2975,"before ,FO 63",Female,Unknown,Unknown,Pearl Took,Hobbits,Unknown,None
TA 2933,FO 13,Male,Unknown,Unknown,Paladin Took II,Hobbits,Unknown,Eglantine Banks
Unknown,Unknown,Unknown,Unknown,Unknown,Lalia (Clayhanger) Took,Unknown,Unknown,Unknown
TA 2847,"TA 2946, (SR 1346",Male,Unknown,Unknown,Isembard Took,Hobbits,Unknown,Unknown
SR 1240,SR 1341,Male,Unknown,Unknown,Hildigrim Took,Hobbits,Unknown,Rosa Baggins
TA 2844,Unknown,Male,Unknown,Unknown,Hildifons Took,Hobbits,Unknown,Unknown
TA 2849,TA 2934,Male,Unknown,Unknown,Hildibrand Took,Hobbits,Unknown,Unknown
TA 2790,TA 2920,Male,Unknown,Unknown,Gerontius Took,Hobbits,Unknown,Adamanta Chubb
Unknown,Unknown,Unknown,Unknown,Unknown,Flambard Took,Unknown,Unknown,Unknown
Unknown,Unknown,Unknown,Unknown,Unknown,Ferdinand Took,Unknown,Unknown,Unknown
TA 2916,TA 3015,Male,Unknown,Unknown,Ferumbras III Took,Hobbits,Unknown,None
TA 2928,FO 2,Male,Unknown,Unknown,Adelard Took,Hobbits,Unknown,Unnamed wife
TA 2817,TA 2923,Female,Unknown,Unknown,Adamanta (Chubb) Took,Hobbits,Unknown,"Gerontius ""The Old"" Took"
Unknown,Unknown,Unknown,Unknown,Unknown,Ferdibrand Took,Unknown,Unknown,Unknown
TA 2880,TA 2982,Male,Unknown,Unknown,Adalgrim Took,Hobbits,Unknown,Unnamed wife
Unknown,Unknown,Unknown,Unknown,Unknown,Everard Took,Unknown,Unknown,Unknown
TA 2701,TA 2800,Male,Unknown,"1.35m (4'5"")",Bandobras Took,Hobbit,Unknown,Unnamed wife 
TA 2666,TA 2759,Male,Unknown,Unknown,Isumbras Took III,Hobbits,Unknown,Unnamed wife
TA 2620,TA 2722,Male,Unknown,Unknown,Isengrim Took II,Hobbits,Unknown,Unnamed wife
TA 2878,TA 2980,Male,Unknown,Unknown,Fortinbras Took II,Hobbits,Unknown,Lalia Clayhanger
Unknown,Unknown,Unknown,Unknown,Unknown,Tolman Gardner,Unknown,Unknown,Unknown
TA 2295,TA 2398,Male,Unknown,Unknown,Isumbras Took I,Hobbits,Unknown,Unknown
FO 10,FO 112,Male,Unknown,Unknown,Faramir Took I,Hobbits,Unknown,Goldilocks Gardner
"Third Age, or before",Unknown,Male,None,About 13',"Tom, Bert, and William",Stone-trolls,Unknown,None
"After ,SA 61","Early ,Second Age",Female,Unknown,Unknown,Tindómiel,Men,Unknown,Unknown
Unknown,Unknown,Unknown,Unknown,Unknown,Tim,Unknown,Unknown,Unknown
Before the creation of Arda,Immortal,Male,,Unknown,Tilion,Ainur,Unknown,None
Unknown,Unknown,Unknown,Unknown,Unknown,Théodwyn,Unknown,Unknown,Unknown
TA 2978,"February 25 ,3019",Male,Unknown,Unknown,Théodred,Men,Unknown,Unknown
"TA 2948 ,Gondor","March 15 ,3019",Male,White with braids Blonde,Tall,Théoden,Men,Unknown,Elfhild
Unknown,FA 465,Female,Unknown,Unknown,Thuringwethil,Vampire,Unknown,Unknown
TA 2542,TA 2790,Male,Grey-white,Unknown,Thrór,Dwarves,"Grey Mountains,Lonely Mountain",Unnamed wife
TA 2644,TA 2850,Male,Unknown,Unknown,Thráin II,Dwarves,Lonely Mountain,Unnamed wife
First Age,"Presumably departed to ,Aman",Male,Golden,Tall,Thranduil,Elves,"Woodland Realm,Mirkwood",Unnamed wife
"Before the Creation of ,Arda",Immortal,Male,Unknown,30,Thorondor,Great Eagles,Unknown,Unknown
TA 1934,TA 2190,Male,Unknown,Unknown,Thráin I,Dwarves,Khazad-dûm,Unnamed wife
TA 2782,TA 2882,Male,Unknown,Unknown,Thorondir,Men,Unknown,Unnamed wife
TA 2866,"FO 137,(aged 280)",Male,Unknown,Unknown,Thorin III Stonehelm,Dwarves,"Lonely Mountain,Iron Hills",Unknown
TA 2746,"November 23, TA 2941",Male,Unknown,Unknown,Thorin II Oakenshield,Dwarves,Ered Luin,Unknown
TA 2035,TA 2289,Male,Unknown,Unknown,Thorin I,Dwarves,"Lonely Mountain,Grey Mountains",Unnamed wife
YT 1050,FA 502,Male,Silver,"Tallest of the Elven-folk, 8'2""",Thingol,Elves,Doriath,Melian
TA 2905,TA 2980,Male,Unknown,Unknown,Thengel,Men,Rohan,Morwen Steelsheen
Second Age,"Sometime after the ,War of the Last Alliance",Male,Unknown,Tall,The King of the Dead,"Men,Undead","White Mountains,Paths of the Dead",Unknown
TA 1516,TA 1636,Male,Unknown,Unknown,Telemnar,Men,Gondor,Unnamed wife
First Age,First Age,Male,Unknown,Unknown,Telchar,Dwarves,Unknown,Unknown
"Unknown, awakened in the ,Years of the Trees",Unknown,Female,Unknown,Unknown,Tatië,Elves,Unknown,Tata
TA 1632,TA 1850,Male,Unknown,Unknown,Telumehtar,Men,Gondor,Unnamed wife
"Unknown, awakened in the ,Years of the Trees",Unknown,Male,Unknown,Unknown,Tata,Elves,Unknown,Tatië
TA 372,TA 602,Male,Unknown,Unknown,Tarondor of Arnor,Men,Arnor,Unnamed wife
"Late ,Third Age",Unknown,Male,Unknown,Unknown,Targon,Men,Unknown,Unknown
Unknown,Unknown,Unknown,Unknown,Unknown,Mimosa (Bunce) Baggins,Unknown,Unknown,Unknown
TA 2860,TA 2950,Male,Unknown,Unknown,Longo Baggins,Hobbits,Unknown,Camellia (Sackville) Baggins
TA 2814,TA 2916,Female,Unknown,Unknown,Laura (Grubb) Baggins,Hobbits,Unknown,Mungo Baggins
TA 1577,TA 1798,Male,Unknown,Unknown,Tarondor,Men,Gondor,Unnamed wife
"After ,TA 654","Before ,TA 913",Male,Unknown,Unknown,Tarciryan,Men,Unknown,Unnamed wife
TA 2807,TA 2900,Male,Unknown,Unknown,Mungo Baggins,Hobbits,Unknown,Laura Grubb
Unknown,Unknown,Unknown,Unknown,Unknown,Largo Baggins,Unknown,Unknown,Unknown
"22 September ,TA 2968","Unknown (Last sighting ,September 29 ,3021,) (,SR 1421,)",Male,Brown,"1.06m (3'6"")",Frodo Baggins,Hobbit,Unknown,Unknown
TA 2864,TA 2960,male,Unknown,Unknown,Fosco Baggins,Hobbits,Unknown,Ruby Bolger
TA 2911,TA 3009,Male,Unknown,Unknown,Dudo Baggins,Hobbits,Unknown,Unnamed wife
TA 2908,TA 2980,Male,Unknown,Unknown,Drogo Baggins,Hobbits,Unknown,Primula Brandybuck
Unknown,Unknown,Unknown,Unknown,Unknown,Dora Baggins,Unknown,Unknown,Unknown
Unknown,Unknown,Unknown,Unknown,Unknown,Bingo Baggins,Unknown,Unknown,Unknown
Unknown,Unknown,Unknown,Unknown,Unknown,Chica (Chubb) Baggins,Unknown,Unknown,Unknown
TA 2846,TA 2926,Male,Unknown,Unknown,Bungo Baggins,Hobbit,Unknown,Unknown
TA 2772,TA 2871,Female,Unknown,Unknown,Berylla (Boffin) Baggins,Hobbits,Unknown,Balbo Baggins
TA 2852,TA 2934,Female,Black,Unknown,Belladonna (Took) Baggins,Hobbits,Unknown,Bungo Baggins
TA 2767,TA 2858,Male,Unknown,Unknown,Balbo Baggins,Hobbits,Unknown,Berylla (Boffin) Baggins
TA 2981,"Early-,Fourth Age",Female,Blonde,Unknown,Angelica Baggins,Hobbit,Unknown,Unknown
Unknown,TA 2799,Male,none,8'5,Azog,Orcs,"Moria,Mount Gundabad",Unknown
FA 214,FA 473,Male,Unknown,Unknown,Azaghâl,Dwarves,Unknown,Unknown
SA 395,Unknown,Male,Unknown,Unknown,Axantur,Men,Unknown,Unnamed wife
"Before the creation of ,Arda",Immortal,Male,Unknown,Unknown,Aulë,Ainur,Unknown,Yavanna
SA 213,"Early ,Second Age",Male,Unknown,Unknown,Aulendil (Vardamir's son),Men,Unknown,Unnamed wife
TA 977,TA 1226,Male,Unknown,Unknown,Atanatar II,Men,Gondor,Unnamed wife
TA 480,TA 748,Male,Unknown,Unknown,Atanatar I,Men,Gondor,Unnamed wife
"After ,SA 61","Early ,Second Age",Male,Unknown,Unknown,Atanalcar,Men,Unknown,Possible unnamed wife
Unknown,Unknown,Unknown,Unknown,Unknown,Asgon,Unknown,Unknown,Unknown
TA 241,FO 121,Female,Black,Unknown,Arwen,"Half-elven,Men",Reunited Kingdom,Aragorn II Elessar
TA 1633,TA 1813,Male,Unknown,Unknown,Arveleg II,Men,"Arthedain,Arnor",Unnamed wife
TA 1309,TA 1409,Male,Unknown,Unknown,Arveleg I,Men,"Arnor,Arthedain",Unnamed wife
TA 1553,TA 1743,Male,Unknown,Unknown,Arvegil,Men,"Arthedain,Arnor",Unnamed wife
TA 1864,TA 1975,Male,Unknown,Unknown,Arvedui,Men,Arthedain,Fíriel
"Late ,First Age",FA 460,Male,Unknown,Unknown,Arthad,Men,Unknown,Unknown
Unknown,Unknown,Unknown,Unknown,Unknown,Artamir,Unknown,Unknown,Unknown
Unknown,Unknown,Male,Unknown,Unknown,Arminas,Elves,Unknown,Unknown
"Before the creation of ,Arda",Immortal,Female,Unknown,Unknown,Arien,Ainur,Unknown,None
TA 2757,TA 2912,Male,Unknown,Unknown,Argonui,Men,Unknown,Unnamed wife
Years of the Trees,"YT 1500, or ,FA 1 ,Battle of the Lammoth",Male,Possibly dark,Tall,Argon,Elves,Unknown,None
TA 1473,TA 1670,Male,Unknown,Unknown,Argeleb II,Men,Arthedain,Unnamed wife
TA 1226,TA 1356,Male,Unknown,Unknown,Argeleb I,Men,"Arthedain,Arnor",Unnamed wife
YT 1362,FA 400,Female,Dark,Tall,Aredhel,Elves,Unknown,Eöl
SA 562,Unknown,Male,Unknown,Unknown,Ardamir (son of Axantur),Men,Unknown,Unknown
"After ,TA 1684",Unknown,Male,Unknown,Unknown,Arciryas,Men,Unknown,Unnamed wife
TA 2497,TA 2654,Male,Unknown,Unknown,Aravorn,Men,Unknown,Unnamed wife
TA 2156,TA 2319,Male,Unknown,Unknown,Aravir,Men,Unknown,Unnamed wife
TA 1711,TA 1891,Male,Unknown,Unknown,Araval,Men,"Arthedain,Arnor",Unnamed wife
TA 2873,TA 2933,Male,Dark,Unknown,Arathorn II,Men,Unknown,Gilraen
TA 2693,TA 2848,Male,Unknown,Unknown,Arathorn I,Men,Unknown,Unnamed wife
SA 3339,Unknown,Male,Unknown,Unknown,Aratan,Men,TA 2,"Unknown, possibly known"
TA 2628,TA 2784,Male,Unknown,Unknown,Arassuil,Men,Unknown,Unnamed wife
TA 1391,TA 1589,Male,Unknown,Unknown,Araphor,Men,Arthedain,Unnamed wife
TA 185,TA 435,Male,Unknown,Unknown,Arantar,Men,Arnor,Unnamed wife
TA 1789,TA 1964,Male,Unknown,Unknown,Araphant,Men,Arthedain,Unnamed wife
Unknown,Unknown,Male,Unknown,Unknown,Aranwë,Elves,Unknown,Unnamed wife
TA 2084,TA 2247,Male,Unknown,Unknown,Aranuir,Men,Unknown,Unnamed wife
TA 1938,TA 2106,Male,Unknown,Unknown,Aranarth,Men,Unknown,Unnamed wife
TA 2012,TA 2177,Male,Unknown,Unknown,Arahael,Men,Unknown,Unnamed wife
TA 2563,TA 2719,Male,Unknown,Unknown,Arahad II,Men,Unknown,Unnamed wife
TA 2365,TA 2523,Male,Unknown,Unknown,Arahad I,Men,Unknown,Unnamed wife
TA 2431,TA 2588,Male,Unknown,Unknown,Aragost,Men,Unknown,Unnamed wife
"March 1 ,2931",FO 120,Male,Dark,"198cm (6'6"")",Aragorn II Elessar,Men,"Reunited Kingdom,Arnor,Gondor",Arwen
TA 2227,TA 2327,Male,Unknown,Unknown,Aragorn I,Men,Unknown,Unnamed wife
TA 2296,TA 2455,Male,Unknown,Unknown,Araglas,Men,Unknown,Unnamed wife
TA 2820,TA 2930,Male,"Dark, then grey",Unknown,Arador,Men,Unknown,Unnamed wife
SA 2798,SA 3033,Male,Unknown,Unknown,Ar-Zimrathôn,Men,Númenor,Unnamed wife
"Mid-,Third Age",Unknown,Male,Unknown,Unknown,Angamaitë,Men,Unknown,Unknown
FA 440,FA 489,Male,Unknown,Unknown,Andróg,Men,Unknown,Unnamed wife
FA 361,FA 455,Female,Dark brown,Unknown,Andreth,Men,Unknown,"Loved ,Aegnor, but they never married"
Possibly before the Creation of Arda,FA 587,Male,Unknown,As tall as a mountain,Ancalagon,Dragons,Unknown,Unknown
"Late ,Third Age",Unknown,Male,Dark,Unknown,Anborn,Men,Unknown,Unknown
TA 136,TA 411,Male,Unknown,Unknown,Anardil,Men,Gondor,Unnamed wife
YT,Unknown,Female,Unknown,Unknown,Anairë,Elves,Unknown,Fingolfin
TA 2994,Unknown,Male,Unknown,Unknown,Amrothos,Men,Unknown,Unknown
Unknown,Unknown,Unknown,Unknown,Unknown,Andvír,Unknown,Unknown,Unknown
Unknown,TA 1981,Male,Golden,Unknown,Amroth,Elves,Lórien,Nimrodel
Years of the Trees,"YT 1497 ,Losgar",Male,Dark red,Unknown,Amrod,Elves,Unknown,None
Years of the Trees,FA 538,Male,Dark red,Unknown,Amras,Elf,Estolad,None
TA 726,TA 946,Male,Unknown,Unknown,Amlaith,Men,Arthedain,Unnamed wife
Unknown,Unknown,Unknown,Unknown,Unknown,Amlach,Unknown,Unknown,Unknown
"Sometime during ,Years of the Trees, or the ,First Age",SA 3434,Male,Unknown,Unknown,Amdír,Elves,Lórien,Unnamed wife
YT,Still alive,Female,Unknown,Unknown,Amarië,Elves,Unknown,"Loved ,Finrod, but it is unknown whether they married"
"Late ,Second Age",Sailed West either SA 3310 fate unknown,Male,Unknown,Unknown,Amandil,Men,Unknown,Unnamed wife
TA 3017,FO 95,Male,Unknown,Unknown,Alphros,Men,Unknown,Unknown
"Between ,SA 700, and ,SA 750","Early ,Second Age",Female,Unknown,Unknown,Almiel,Men,Unknown,Unknown
"Between ,SA 700, and ,SA 750","Early ,Second Age",Female,Unknown,Unknown,Ailinel,Men,Unknown,Orchaldor
Unknown,Unknown,Female,Unknown,Unknown,Almarian,Men,Númenor,Tar-Meneldur
"Late ,First Age",FA 489,Male,Unknown,Unknown,Algund,Men,Unknown,None known
TA 2544,TA 2645,Male,Unknown,Unknown,Aldor,Men,Rohan,Unnamed wife
TA 1330,TA 1540,Male,Unknown,Unknown,Aldamir,Men,Gondor,Unnamed wife
Before the creation of Arda,Unknown,Male,Unknown,Unknown,Alatar,"Ainur,Maiar",Unknown,None
TA 2827,TA 2932,Male,Unknown,Unknown,Aglahad,Men,Unknown,Unnamed wife
Unknown,Unknown,Unknown,Unknown,Unknown,Aghan,Unknown,Unknown,Unknown
Unknown,Unknown,Unknown,Unknown,Unknown,Agathor,Unknown,Unknown,Unknown
"Mid ,First Age",FA 495,Female,Unknown,Unknown,Aerin,Men,Unknown,Brodda
Unknown,Unknown,Unknown,Unknown,Unknown,Aerandir,Unknown,Unknown,Unknown
"YT during the ,Noontide of Valinor",FA 455,Male,Golden,Unknown,Aegnor,Elves,Unknown,"Loved ,Andreth but remained unmarried"
TA 2917,TA 3010,Male,Unknown,Unknown,Adrahil II,Men,Unknown,Unnamed wife
"Before ,TA 1944","Late ,Third Age",Male,Unknown,Unknown,Adrahil I,Men,Unknown,Unknown
